brand,model_fromsales,year,yearbrandmodel_id,brand_id,model_id
ACURA,CL,2002,1,1,76
ACURA,MDX,2002,2,1,227
ACURA,NSX,2002,3,1,250
ACURA,RL,2002,4,1,291
ACURA,RSX,2002,5,1,296
ACURA,TL,2002,6,1,354
AUDI,A4,2002,7,2,26
AUDI,A6,2002,8,2,27
AUDI,TT,2002,9,2,367
BMW,3 SERIES,2002,10,3,3
BMW,5 SERIES,2002,11,3,11
BMW,7 SERIES,2002,12,3,16
BMW,X5,2002,13,3,391
BMW,Z3,2002,14,3,409
BMW,Z8,2002,15,3,411
BUICK,CENTURY,2002,16,4,72
BUICK,LESABRE,2002,17,4,204
BUICK,REGAL,2002,18,4,287
BUICK,RENDEZVOUS,2002,19,4,288
CADILLAC,DEVILLE,2002,20,5,103
CADILLAC,ELDORADO,2002,21,5,112
CADILLAC,SEVILLE,2002,22,5,318
CHEVROLET,ASTRO PASS,2002,23,6,38
CHEVROLET,CAVALIER,2002,24,6,67
CHEVROLET,CORVETTE,2002,25,6,87
CHEVROLET,EXPRESS CARGO,2002,26,6,135
CHEVROLET,EXPRESS PASS,2002,27,6,136
CHEVROLET,IMPALA,2002,28,6,185
CHEVROLET,MALIBU,2002,29,6,218
CHEVROLET,MONTE CARLO,2002,30,6,237
CHEVROLET,PRIZM,2002,31,6,268
CHEVROLET,S BLAZER,2002,32,6,303
CHEVROLET,S10 PICKUP,2002,33,6,306
CHEVROLET,SILVERADO,2002,34,6,322
CHEVROLET,TAHOE,2002,35,6,345
CHEVROLET,TRACKER,2002,36,6,359
CHEVROLET,TRAILBLAZER,2002,37,6,360
CHEVROLET,VENTURE,2002,38,6,372
CHRYSLER,300 M,2002,39,7,5
CHRYSLER,CONCORDE,2002,40,7,83
CHRYSLER,PT CRUISER,2002,41,7,270
CHRYSLER,SEBRING SEDAN,2002,42,7,314
CHRYSLER,TOWN & COUNTRY,2002,43,7,357
CHRYSLER,VOYAGER,2002,44,7,383
DAEWOO,LANOS,2002,45,8,200
DAEWOO,LEGANZA,2002,46,8,203
DAEWOO,NUBIRA,2002,47,8,251
DODGE,CARAVAN,2002,48,9,65
DODGE,DURANGO,2002,49,9,106
DODGE,INTREPID,2002,50,9,188
DODGE,NEON,2002,51,9,248
DODGE,STRATUS SEDAN,2002,52,9,339
DODGE,VIPER,2002,53,9,380
FORD,CROWN VICTORIA,2002,54,10,94
FORD,ECONOLINE,2002,55,10,109
FORD,ESCAPE,2002,56,10,128
FORD,ESCORT,2002,57,10,129
FORD,EXPEDITION,2002,58,10,133
FORD,EXPLORER,2002,59,10,134
FORD,F SERIES,2002,60,10,137
FORD,FOCUS,2002,61,10,144
FORD,MUSTANG,2002,62,10,245
FORD,TAURUS,2002,63,10,346
FORD,THUNDERBIRD,2002,64,10,350
FORD,WINDSTAR PASS,2002,65,10,385
GMC,ENVOY,2002,66,11,117
GMC,SAFARI PASS,2002,67,11,309
GMC,SAVANA CARGO,2002,68,11,311
GMC,SIERRA,2002,69,11,320
GMC,SONOMA,2002,70,11,330
GMC,YUKON,2002,71,11,407
HONDA,ACCORD,2002,72,12,30
HONDA,CIVIC,2002,73,12,75
HONDA,CR-V,2002,74,12,90
HONDA,INSIGHT,2002,75,12,187
HONDA,ODYSSEY,2002,76,12,252
HONDA,PASSPORT,2002,77,12,261
HONDA,S2000,2002,78,12,307
HYUNDAI,ACCENT,2002,79,14,29
HYUNDAI,ELANTRA,2002,80,14,111
HYUNDAI,SANTA FE,2002,81,14,310
HYUNDAI,SONATA,2002,82,14,328
HYUNDAI,XG350,2002,83,14,397
INFINITI,G20,2002,84,15,156
INFINITI,I35,2002,85,15,183
INFINITI,Q45,2002,86,15,271
INFINITI,QX4,2002,87,15,273
ISUZU,AXIOM,2002,88,16,46
ISUZU,RODEO,2002,89,16,292
ISUZU,TROOPER,2002,90,16,365
JAGUAR,S-TYPE,2002,91,17,305
JAGUAR,X-TYPE,2002,92,17,388
JAGUAR,XJ6/8,2002,93,17,398
JAGUAR,XJR,2002,94,17,399
JAGUAR,XK8,2002,95,17,400
JEEP,GRAND CHEROKEE,2002,96,18,166
JEEP,LIBERTY,2002,97,18,205
JEEP,WRANGLER,2002,98,18,386
KIA,RIO,2002,99,19,290
KIA,SEDONA,2002,100,19,315
KIA,SPECTRA,2002,101,19,334
KIA,SPORTAGE,2002,102,19,335
LAND ROVER,DISCOVERY,2002,103,20,104
LAND ROVER,RANGE ROVER,2002,104,20,282
LEXUS,ES300,2002,105,21,122
LEXUS,GS300,2002,106,21,169
LEXUS,GS430/460,2002,107,21,171
LEXUS,IS300,2002,108,21,191
LEXUS,LS430/460,2002,109,21,210
LEXUS,LX470,2002,110,21,213
LEXUS,RX300,2002,111,21,298
LEXUS,SC430,2002,112,21,313
LINCOLN,BLACKWOOD,2002,113,22,52
LINCOLN,CONTINENTAL,2002,114,22,84
LINCOLN,LS,2002,115,22,209
LINCOLN,NAVIGATOR,2002,116,22,247
LINCOLN,TOWN CAR,2002,117,22,358
MAZDA,626,2002,118,23,15
MAZDA,MILLENIA,2002,119,23,229
MAZDA,MPV PASS VAN,2002,120,23,242
MAZDA,MX-5 MIATA,2002,121,23,246
MAZDA,PROTEGE,2002,122,23,269
MAZDA,TRIBUTE,2002,123,23,364
MERCEDES-BENZ,C CLASS,2002,124,24,58
MERCEDES-BENZ,CL CLASS,2002,125,24,77
MERCEDES-BENZ,CLK CLASS,2002,126,24,78
MERCEDES-BENZ,E CLASS,2002,127,24,107
MERCEDES-BENZ,M CLASS,2002,128,24,215
MERCEDES-BENZ,S CLASS,2002,129,24,304
MERCEDES-BENZ,SL CLASS,2002,130,24,324
MERCEDES-BENZ,SLK CLASS,2002,131,24,325
MERCURY,COUGAR,2002,132,25,88
MERCURY,GRAND MARQUIS,2002,133,25,167
MERCURY,MOUNTAINEER,2002,134,25,241
MERCURY,SABLE,2002,135,25,308
MERCURY,VILLAGER,2002,136,25,379
MITSUBISHI,LANCER,2002,137,27,198
MITSUBISHI,MIRAGE,2002,138,27,230
MITSUBISHI,MONTERO SPORT,2002,139,27,240
NISSAN,ALTIMA,2002,140,28,33
NISSAN,FRONTIER,2002,141,28,152
NISSAN,MAXIMA,2002,142,28,222
NISSAN,QUEST,2002,143,28,272
NISSAN,SENTRA,2002,144,28,316
NISSAN,XTERRA,2002,145,28,403
OLDSMOBILE,ALERO,2002,146,29,32
OLDSMOBILE,BRAVADA,2002,147,29,56
OLDSMOBILE,INTRIGUE,2002,148,29,189
OLDSMOBILE,SILHOUETTE,2002,149,29,321
PONTIAC,AZTEK,2002,150,30,48
PONTIAC,BONNEVILLE,2002,151,30,53
PONTIAC,FIREBIRD,2002,152,30,139
PONTIAC,GRAND AM,2002,153,30,165
PONTIAC,GRAND PRIX,2002,154,30,168
PONTIAC,MONTANA,2002,155,30,235
PONTIAC,SUNFIRE,2002,156,30,342
PORSCHE,911,2002,157,31,24
PORSCHE,BOXSTER,2002,158,31,55
RAM,DAKOTA,2002,159,32,101
RAM,RAM PICKUP,2002,160,32,280
RAM,RAM WAGON,2002,161,32,281
SAAB,9-3,2002,162,33,21
SAAB,9-5,2002,163,33,22
SUBARU,FORESTER,2002,164,36,146
SUBARU,IMPREZA,2002,165,36,186
SUBARU,LEGACY,2002,166,36,202
SUBARU,OUTBACK,2002,167,36,254
SUZUKI,ESTEEM,2002,168,37,130
SUZUKI,VITARA,2002,169,37,381
SUZUKI,XL-7,2002,170,37,401
TOYOTA,4RUNNER PASS,2002,171,38,10
TOYOTA,CAMRY,2002,172,38,63
TOYOTA,CELICA,2002,173,38,71
TOYOTA,COROLLA,2002,174,38,86
TOYOTA,HIGHLANDER,2002,175,38,180
TOYOTA,LAND CRUISER,2002,176,38,199
TOYOTA,MR2 SPYDER,2002,177,38,243
TOYOTA,PRIUS,2002,178,38,266
TOYOTA,SEQUOIA,2002,179,38,317
TOYOTA,SIENNA,2002,180,38,319
TOYOTA,TACOMA,2002,181,38,344
TOYOTA,TUNDRA,2002,182,38,369
VOLKSWAGEN,BEETLE II,2002,183,39,51
VOLKSWAGEN,CABRIOLET,2002,184,39,60
VOLKSWAGEN,EUROVAN,2002,185,39,131
VOLKSWAGEN,GOLF,2002,186,39,164
VOLKSWAGEN,JETTA,2002,187,39,192
VOLKSWAGEN,PASSAT,2002,188,39,260
VOLVO,40,2002,189,40,9
VOLVO,60,2002,190,40,14
VOLVO,70 C,2002,191,40,17
VOLVO,70 V,2002,192,40,18
VOLVO,80,2002,193,40,19
ACURA,CL,2003,194,1,76
ACURA,MDX,2003,195,1,227
ACURA,NSX,2003,196,1,250
ACURA,RL,2003,197,1,291
ACURA,RSX,2003,198,1,296
ACURA,TL,2003,199,1,354
AUDI,A4,2003,200,2,26
AUDI,A6,2003,201,2,27
AUDI,TT,2003,202,2,367
BMW,3 SERIES,2003,203,3,3
BMW,5 SERIES,2003,204,3,11
BMW,7 SERIES,2003,205,3,16
BMW,X5,2003,206,3,391
BMW,Z4,2003,207,3,410
BMW,Z8,2003,208,3,411
BUICK,CENTURY,2003,209,4,72
BUICK,LESABRE,2003,210,4,204
BUICK,PARK AVE,2003,211,4,259
BUICK,REGAL,2003,212,4,287
BUICK,RENDEZVOUS,2003,213,4,288
CADILLAC,CTS,2003,214,5,97
CADILLAC,DEVILLE,2003,215,5,103
CADILLAC,ESCALADE ESV,2003,216,5,126
CADILLAC,ESCALADE EXT,2003,217,5,127
CADILLAC,SEVILLE,2003,218,5,318
CHEVROLET,ASTRO PASS,2003,219,6,38
CHEVROLET,AVALANCHE,2003,220,6,41
CHEVROLET,CORVETTE,2003,221,6,87
CHEVROLET,EXPRESS CARGO,2003,222,6,135
CHEVROLET,IMPALA,2003,223,6,185
CHEVROLET,MALIBU,2003,224,6,218
CHEVROLET,MONTE CARLO,2003,225,6,237
CHEVROLET,S BLAZER,2003,226,6,303
CHEVROLET,S10 PICKUP,2003,227,6,306
CHEVROLET,SILVERADO,2003,228,6,322
CHEVROLET,SUBURBAN,2003,229,6,341
CHEVROLET,TAHOE,2003,230,6,345
CHEVROLET,TRACKER,2003,231,6,359
CHEVROLET,TRAILBLAZER,2003,232,6,360
CHRYSLER,300 M,2003,233,7,5
CHRYSLER,CONCORDE,2003,234,7,83
CHRYSLER,SEBRING SEDAN,2003,235,7,314
CHRYSLER,TOWN & COUNTRY,2003,236,7,357
CHRYSLER,VOYAGER,2003,237,7,383
DODGE,CARAVAN,2003,238,9,65
DODGE,INTREPID,2003,239,9,188
DODGE,NEON,2003,240,9,248
DODGE,STRATUS SEDAN,2003,241,9,339
FORD,CROWN VICTORIA,2003,242,10,94
FORD,ECONOLINE,2003,243,10,109
FORD,ESCAPE,2003,244,10,128
FORD,EXPLORER,2003,245,10,134
FORD,F SERIES,2003,246,10,137
FORD,MUSTANG,2003,247,10,245
FORD,RANGER,2003,248,10,284
FORD,TAURUS,2003,249,10,346
FORD,THUNDERBIRD,2003,250,10,350
FORD,WINDSTAR PASS,2003,251,10,385
GMC,ENVOY,2003,252,11,117
GMC,SAFARI PASS,2003,253,11,309
GMC,SAVANA CARGO,2003,254,11,311
GMC,SAVANA PASS,2003,255,11,312
GMC,SIERRA,2003,256,11,320
GMC,SONOMA,2003,257,11,330
GMC,YUKON,2003,258,11,407
GMC,YUKON XL,2003,259,11,408
HONDA,CR-V,2003,260,12,90
HONDA,ELEMENT,2003,261,12,113
HONDA,INSIGHT,2003,262,12,187
HONDA,ODYSSEY,2003,263,12,252
HONDA,PILOT,2003,264,12,265
HONDA,S2000,2003,265,12,307
HYUNDAI,ACCENT,2003,266,14,29
HYUNDAI,ELANTRA,2003,267,14,111
HYUNDAI,SANTA FE,2003,268,14,310
HYUNDAI,SONATA,2003,269,14,328
HYUNDAI,TIBURON,2003,270,14,351
HYUNDAI,XG350,2003,271,14,397
INFINITI,FX,2003,272,15,154
INFINITI,I35,2003,273,15,183
INFINITI,M35/45,2003,274,15,216
INFINITI,Q45,2003,275,15,271
INFINITI,QX4,2003,276,15,273
ISUZU,ASCENDER,2003,277,16,36
ISUZU,AXIOM,2003,278,16,46
ISUZU,RODEO,2003,279,16,292
JAGUAR,X-TYPE,2003,280,17,388
JAGUAR,XJ6/8,2003,281,17,398
JAGUAR,XJR,2003,282,17,399
JAGUAR,XK8,2003,283,17,400
JEEP,GRAND CHEROKEE,2003,284,18,166
JEEP,WRANGLER,2003,285,18,386
KIA,OPTIMA,2003,286,19,253
KIA,RIO,2003,287,19,290
KIA,SEDONA,2003,288,19,315
KIA,SORENTO,2003,289,19,331
KIA,SPECTRA,2003,290,19,334
LAND ROVER,DISCOVERY,2003,291,20,104
LAND ROVER,FREELANDER,2003,292,20,149
LAND ROVER,RANGE ROVER,2003,293,20,282
LEXUS,ES300,2003,294,21,122
LEXUS,GS300,2003,295,21,169
LEXUS,GS430/460,2003,296,21,171
LEXUS,GX460/470,2003,297,21,176
LEXUS,IS300,2003,298,21,191
LEXUS,LS430/460,2003,299,21,210
LEXUS,RX300,2003,300,21,298
LEXUS,SC430,2003,301,21,313
LINCOLN,AVIATOR,2003,302,22,45
LINCOLN,LS,2003,303,22,209
LINCOLN,TOWN CAR,2003,304,22,358
MAZDA,MAZDA6,2003,305,23,226
MAZDA,MPV PASS VAN,2003,306,23,242
MAZDA,MX-5 MIATA,2003,307,23,246
MAZDA,PROTEGE,2003,308,23,269
MAZDA,TRIBUTE,2003,309,23,364
MERCEDES-BENZ,CLK CLASS,2003,310,24,78
MERCEDES-BENZ,E CLASS,2003,311,24,107
MERCEDES-BENZ,G CLASS,2003,312,24,155
MERCEDES-BENZ,M CLASS,2003,313,24,215
MERCEDES-BENZ,S CLASS,2003,314,24,304
MERCEDES-BENZ,SL CLASS,2003,315,24,324
MERCEDES-BENZ,SLK CLASS,2003,316,24,325
MERCURY,GRAND MARQUIS,2003,317,25,167
MERCURY,MOUNTAINEER,2003,318,25,241
MERCURY,SABLE,2003,319,25,308
MITSUBISHI,LANCER,2003,320,27,198
MITSUBISHI,MONTERO SPORT,2003,321,27,240
MITSUBISHI,OUTLANDER,2003,322,27,255
NISSAN,350Z,2003,323,28,7
NISSAN,ALTIMA,2003,324,28,33
NISSAN,FRONTIER,2003,325,28,152
NISSAN,MAXIMA,2003,326,28,222
NISSAN,MURANO,2003,327,28,244
NISSAN,SENTRA,2003,328,28,316
NISSAN,XTERRA,2003,329,28,403
OLDSMOBILE,ALERO,2003,330,29,32
OLDSMOBILE,AURORA,2003,331,29,40
OLDSMOBILE,BRAVADA,2003,332,29,56
OLDSMOBILE,SILHOUETTE,2003,333,29,321
PONTIAC,AZTEK,2003,334,30,48
PONTIAC,BONNEVILLE,2003,335,30,53
PONTIAC,GRAND AM,2003,336,30,165
PONTIAC,GRAND PRIX,2003,337,30,168
PONTIAC,MONTANA,2003,338,30,235
PONTIAC,SUNFIRE,2003,339,30,342
PONTIAC,VIBE,2003,340,30,378
PORSCHE,911,2003,341,31,24
PORSCHE,BOXSTER,2003,342,31,55
RAM,DAKOTA,2003,343,32,101
RAM,RAM PICKUP,2003,344,32,280
SUBARU,BAJA,2003,345,36,50
SUBARU,FORESTER,2003,346,36,146
SUBARU,IMPREZA,2003,347,36,186
SUBARU,LEGACY,2003,348,36,202
SUBARU,OUTBACK,2003,349,36,254
SUZUKI,AERIO,2003,350,37,31
SUZUKI,VITARA,2003,351,37,381
SUZUKI,XL-7,2003,352,37,401
TOYOTA,4RUNNER PASS,2003,353,38,10
TOYOTA,AVALON,2003,354,38,42
TOYOTA,CAMRY,2003,355,38,63
TOYOTA,COROLLA,2003,356,38,86
TOYOTA,ECHO,2003,357,38,108
TOYOTA,HIGHLANDER,2003,358,38,180
TOYOTA,LAND CRUISER,2003,359,38,199
TOYOTA,MR2 SPYDER,2003,360,38,243
TOYOTA,PRIUS,2003,361,38,266
TOYOTA,RAV4,2003,362,38,285
TOYOTA,SEQUOIA,2003,363,38,317
TOYOTA,SIENNA,2003,364,38,319
TOYOTA,TACOMA,2003,365,38,344
TOYOTA,TUNDRA,2003,366,38,369
VOLKSWAGEN,BEETLE II,2003,367,39,51
VOLKSWAGEN,EUROVAN,2003,368,39,131
VOLKSWAGEN,GOLF,2003,369,39,164
VOLKSWAGEN,JETTA,2003,370,39,192
VOLKSWAGEN,PASSAT,2003,371,39,260
VOLVO,40,2003,372,40,9
VOLVO,60,2003,373,40,14
VOLVO,70 C,2003,374,40,17
VOLVO,70 V,2003,375,40,18
VOLVO,80,2003,376,40,19
VOLVO,XC70,2003,377,40,394
VOLVO,XC90,2003,378,40,395
ACURA,MDX,2004,379,1,227
ACURA,NSX,2004,380,1,250
ACURA,RL,2004,381,1,291
ACURA,RSX,2004,382,1,296
ACURA,TSX,2004,383,1,366
AUDI,A4,2004,384,2,26
AUDI,A6,2004,385,2,27
AUDI,TT,2004,386,2,367
BMW,3 SERIES,2004,387,3,3
BMW,5 SERIES,2004,388,3,11
BMW,X3,2004,389,3,390
BMW,X5,2004,390,3,391
BMW,Z4,2004,391,3,410
BUICK,LESABRE,2004,392,4,204
BUICK,PARK AVE,2004,393,4,259
BUICK,RAINIER,2004,394,4,279
BUICK,REGAL,2004,395,4,287
BUICK,RENDEZVOUS,2004,396,4,288
CADILLAC,CTS,2004,397,5,97
CADILLAC,DEVILLE,2004,398,5,103
CADILLAC,ESCALADE,2004,399,5,125
CADILLAC,ESCALADE ESV,2004,400,5,126
CADILLAC,ESCALADE EXT,2004,401,5,127
CADILLAC,SEVILLE,2004,402,5,318
CADILLAC,SRX,2004,403,5,336
CADILLAC,XLR,2004,404,5,402
CHEVROLET,AVALANCHE,2004,405,6,41
CHEVROLET,AVEO,2004,406,6,44
CHEVROLET,CAVALIER,2004,407,6,67
CHEVROLET,COLORADO,2004,408,6,80
CHEVROLET,CORVETTE,2004,409,6,87
CHEVROLET,EXPRESS CARGO,2004,410,6,135
CHEVROLET,IMPALA,2004,411,6,185
CHEVROLET,MALIBU,2004,412,6,218
CHEVROLET,MONTE CARLO,2004,413,6,237
CHEVROLET,S BLAZER,2004,414,6,303
CHEVROLET,S10 PICKUP,2004,415,6,306
CHEVROLET,SSR,2004,416,6,337
CHEVROLET,SUBURBAN,2004,417,6,341
CHEVROLET,TAHOE,2004,418,6,345
CHEVROLET,TRACKER,2004,419,6,359
CHEVROLET,TRAILBLAZER,2004,420,6,360
CHEVROLET,VENTURE,2004,421,6,372
CHRYSLER,300 M,2004,422,7,5
CHRYSLER,CONCORDE,2004,423,7,83
CHRYSLER,CROSSFIRE,2004,424,7,92
CHRYSLER,PACIFICA,2004,425,7,257
CHRYSLER,PT CRUISER,2004,426,7,270
CHRYSLER,SEBRING SEDAN,2004,427,7,314
CHRYSLER,TOWN & COUNTRY,2004,428,7,357
DODGE,CARAVAN,2004,429,9,65
DODGE,INTREPID,2004,430,9,188
DODGE,NEON,2004,431,9,248
DODGE,STRATUS SEDAN,2004,432,9,339
DODGE,VIPER,2004,433,9,380
FORD,ECONOLINE,2004,434,10,109
FORD,ESCAPE,2004,435,10,128
FORD,EXPEDITION,2004,436,10,133
FORD,EXPLORER,2004,437,10,134
FORD,F SERIES,2004,438,10,137
FORD,FOCUS,2004,439,10,144
FORD,FREESTAR,2004,440,10,150
FORD,MUSTANG,2004,441,10,245
FORD,RANGER,2004,442,10,284
FORD,TAURUS,2004,443,10,346
FORD,THUNDERBIRD,2004,444,10,350
GMC,ENVOY,2004,445,11,117
GMC,SAFARI PASS,2004,446,11,309
GMC,SAVANA CARGO,2004,447,11,311
GMC,SIERRA,2004,448,11,320
GMC,SONOMA,2004,449,11,330
GMC,YUKON,2004,450,11,407
GMC,YUKON XL,2004,451,11,408
HONDA,ACCORD,2004,452,12,30
HONDA,CIVIC,2004,453,12,75
HONDA,CR-V,2004,454,12,90
HONDA,ELEMENT,2004,455,12,113
HONDA,INSIGHT,2004,456,12,187
HONDA,ODYSSEY,2004,457,12,252
HONDA,PILOT,2004,458,12,265
HONDA,S2000,2004,459,12,307
HYUNDAI,ACCENT,2004,460,14,29
HYUNDAI,ELANTRA,2004,461,14,111
HYUNDAI,SANTA FE,2004,462,14,310
HYUNDAI,SONATA,2004,463,14,328
HYUNDAI,TIBURON,2004,464,14,351
HYUNDAI,XG350,2004,465,14,397
INFINITI,FX,2004,466,15,154
INFINITI,I35,2004,467,15,183
INFINITI,M35/45,2004,468,15,216
INFINITI,Q45,2004,469,15,271
INFINITI,QX56,2004,470,15,274
ISUZU,ASCENDER,2004,471,16,36
ISUZU,AXIOM,2004,472,16,46
ISUZU,RODEO,2004,473,16,292
JAGUAR,S-TYPE,2004,474,17,305
JAGUAR,X-TYPE,2004,475,17,388
JAGUAR,XJ6/8,2004,476,17,398
JAGUAR,XJR,2004,477,17,399
JAGUAR,XK8,2004,478,17,400
JEEP,GRAND CHEROKEE,2004,479,18,166
JEEP,LIBERTY,2004,480,18,205
KIA,OPTIMA,2004,481,19,253
KIA,RIO,2004,482,19,290
KIA,SEDONA,2004,483,19,315
KIA,SORENTO,2004,484,19,331
KIA,SPECTRA,2004,485,19,334
LAND ROVER,DISCOVERY,2004,486,20,104
LAND ROVER,FREELANDER,2004,487,20,149
LAND ROVER,RANGE ROVER,2004,488,20,282
LEXUS,ES330,2004,489,21,123
LEXUS,GS300,2004,490,21,169
LEXUS,GS430/460,2004,491,21,171
LEXUS,GX460/470,2004,492,21,176
LEXUS,IS300,2004,493,21,191
LEXUS,LS430/460,2004,494,21,210
LEXUS,LX470,2004,495,21,213
LEXUS,RX330,2004,496,21,299
LEXUS,SC430,2004,497,21,313
LINCOLN,AVIATOR,2004,498,22,45
LINCOLN,LS,2004,499,22,209
LINCOLN,NAVIGATOR,2004,500,22,247
LINCOLN,TOWN CAR,2004,501,22,358
MAZDA,B SERIES,2004,502,23,49
MAZDA,MAZDA3,2004,503,23,224
MAZDA,MAZDA6,2004,504,23,226
MAZDA,MPV PASS VAN,2004,505,23,242
MAZDA,MX-5 MIATA,2004,506,23,246
MAZDA,TRIBUTE,2004,507,23,364
MERCEDES-BENZ,C CLASS,2004,508,24,58
MERCEDES-BENZ,CL CLASS,2004,509,24,77
MERCEDES-BENZ,CLK CLASS,2004,510,24,78
MERCEDES-BENZ,E CLASS,2004,511,24,107
MERCEDES-BENZ,G CLASS,2004,512,24,155
MERCEDES-BENZ,M CLASS,2004,513,24,215
MERCEDES-BENZ,S CLASS,2004,514,24,304
MERCEDES-BENZ,SL CLASS,2004,515,24,324
MERCEDES-BENZ,SLK CLASS,2004,516,24,325
MERCURY,GRAND MARQUIS,2004,517,25,167
MERCURY,MONTEREY,2004,518,25,239
MERCURY,MOUNTAINEER,2004,519,25,241
MERCURY,SABLE,2004,520,25,308
MITSUBISHI,LANCER,2004,521,27,198
MITSUBISHI,MONTERO SPORT,2004,522,27,240
MITSUBISHI,OUTLANDER,2004,523,27,255
NISSAN,350Z,2004,524,28,7
NISSAN,ALTIMA,2004,525,28,33
NISSAN,ARMADA,2004,526,28,35
NISSAN,FRONTIER,2004,527,28,152
NISSAN,MAXIMA,2004,528,28,222
NISSAN,MURANO,2004,529,28,244
NISSAN,QUEST,2004,530,28,272
NISSAN,SENTRA,2004,531,28,316
NISSAN,XTERRA,2004,532,28,403
OLDSMOBILE,ALERO,2004,533,29,32
OLDSMOBILE,BRAVADA,2004,534,29,56
OLDSMOBILE,SILHOUETTE,2004,535,29,321
PONTIAC,AZTEK,2004,536,30,48
PONTIAC,BONNEVILLE,2004,537,30,53
PONTIAC,GRAND AM,2004,538,30,165
PONTIAC,GRAND PRIX,2004,539,30,168
PONTIAC,GTO,2004,540,30,175
PONTIAC,MONTANA,2004,541,30,235
PONTIAC,SUNFIRE,2004,542,30,342
PONTIAC,VIBE,2004,543,30,378
PORSCHE,911,2004,544,31,24
PORSCHE,BOXSTER,2004,545,31,55
PORSCHE,CAYENNE,2004,546,31,68
RAM,DAKOTA,2004,547,32,101
RAM,RAM PICKUP,2004,548,32,280
SAAB,9-3,2004,549,33,21
SAAB,9-5,2004,550,33,22
SCION,xA,2004,551,35,415
SCION,xB,2004,552,35,416
SUBARU,BAJA,2004,553,36,50
SUBARU,FORESTER,2004,554,36,146
SUBARU,IMPREZA,2004,555,36,186
SUBARU,LEGACY,2004,556,36,202
SUBARU,OUTBACK,2004,557,36,254
SUZUKI,AERIO,2004,558,37,31
SUZUKI,FORENZA,2004,559,37,145
SUZUKI,VERONA,2004,560,37,376
SUZUKI,VITARA,2004,561,37,381
SUZUKI,XL-7,2004,562,37,401
TOYOTA,4RUNNER PASS,2004,563,38,10
TOYOTA,AVALON,2004,564,38,42
TOYOTA,CAMRY,2004,565,38,63
TOYOTA,CELICA,2004,566,38,71
TOYOTA,COROLLA,2004,567,38,86
TOYOTA,ECHO,2004,568,38,108
TOYOTA,HIGHLANDER,2004,569,38,180
TOYOTA,LAND CRUISER,2004,570,38,199
TOYOTA,MATRIX,2004,571,38,221
TOYOTA,MR2 SPYDER,2004,572,38,243
TOYOTA,PRIUS,2004,573,38,266
TOYOTA,RAV4,2004,574,38,285
TOYOTA,SEQUOIA,2004,575,38,317
TOYOTA,SIENNA,2004,576,38,319
TOYOTA,TUNDRA,2004,577,38,369
VOLKSWAGEN,BEETLE II,2004,578,39,51
VOLKSWAGEN,GOLF,2004,579,39,164
VOLKSWAGEN,PASSAT,2004,580,39,260
VOLKSWAGEN,PHAETON,2004,581,39,264
VOLKSWAGEN,TOUAREG,2004,582,39,356
VOLVO,40,2004,583,40,9
VOLVO,60,2004,584,40,14
VOLVO,70 C,2004,585,40,17
VOLVO,70 V,2004,586,40,18
VOLVO,80,2004,587,40,19
VOLVO,XC70,2004,588,40,394
VOLVO,XC90,2004,589,40,395
ACURA,MDX,2005,590,1,227
ACURA,NSX,2005,591,1,250
ACURA,RL,2005,592,1,291
ACURA,RSX,2005,593,1,296
ACURA,TL,2005,594,1,354
ACURA,TSX,2005,595,1,366
AUDI,A4,2005,596,2,26
AUDI,TT,2005,597,2,367
BMW,3 SERIES,2005,598,3,3
BMW,5 SERIES,2005,599,3,11
BMW,6 SERIES,2005,600,3,13
BMW,7 SERIES,2005,601,3,16
BMW,X3,2005,602,3,390
BMW,X5,2005,603,3,391
BMW,Z4,2005,604,3,410
BUICK,CENTURY,2005,605,4,72
BUICK,LESABRE,2005,606,4,204
BUICK,PARK AVE,2005,607,4,259
BUICK,RAINIER,2005,608,4,279
BUICK,RENDEZVOUS,2005,609,4,288
BUICK,TERRAZA,2005,610,4,349
CADILLAC,CTS,2005,611,5,97
CADILLAC,DEVILLE,2005,612,5,103
CADILLAC,ESCALADE,2005,613,5,125
CADILLAC,ESCALADE ESV,2005,614,5,126
CADILLAC,ESCALADE EXT,2005,615,5,127
CADILLAC,SRX,2005,616,5,336
CADILLAC,STS,2005,617,5,340
CHEVROLET,AVALANCHE,2005,618,6,41
CHEVROLET,AVEO,2005,619,6,44
CHEVROLET,CAVALIER,2005,620,6,67
CHEVROLET,COBALT,2005,621,6,79
CHEVROLET,COLORADO,2005,622,6,80
CHEVROLET,CORVETTE,2005,623,6,87
CHEVROLET,EXPRESS CARGO,2005,624,6,135
CHEVROLET,IMPALA,2005,625,6,185
CHEVROLET,MALIBU,2005,626,6,218
CHEVROLET,MONTE CARLO,2005,627,6,237
CHEVROLET,S BLAZER,2005,628,6,303
CHEVROLET,SILVERADO,2005,629,6,322
CHEVROLET,SSR,2005,630,6,337
CHEVROLET,SUBURBAN,2005,631,6,341
CHEVROLET,TAHOE,2005,632,6,345
CHEVROLET,TRAILBLAZER,2005,633,6,360
CHEVROLET,UPLANDER,2005,634,6,370
CHEVROLET,VENTURE,2005,635,6,372
CHRYSLER,300 SERIES,2005,636,7,6
CHRYSLER,PACIFICA,2005,637,7,257
CHRYSLER,PT CRUISER,2005,638,7,270
CHRYSLER,SEBRING SEDAN,2005,639,7,314
CHRYSLER,TOWN & COUNTRY,2005,640,7,357
DODGE,CARAVAN,2005,641,9,65
DODGE,DURANGO,2005,642,9,106
DODGE,MAGNUM,2005,643,9,217
DODGE,STRATUS COUPE,2005,644,9,338
DODGE,VIPER,2005,645,9,380
FORD,CROWN VICTORIA,2005,646,10,94
FORD,ECONOLINE,2005,647,10,109
FORD,ESCAPE,2005,648,10,128
FORD,EXPEDITION,2005,649,10,133
FORD,EXPLORER,2005,650,10,134
FORD,F SERIES,2005,651,10,137
FORD,FIVE HUNDRED,2005,652,10,141
FORD,FOCUS,2005,653,10,144
FORD,FREESTAR,2005,654,10,150
FORD,FREESTYLE,2005,655,10,151
FORD,MUSTANG,2005,656,10,245
FORD,RANGER,2005,657,10,284
FORD,TAURUS,2005,658,10,346
FORD,THUNDERBIRD,2005,659,10,350
GMC,CANYON,2005,660,11,64
GMC,ENVOY,2005,661,11,117
GMC,SAFARI PASS,2005,662,11,309
GMC,SAVANA CARGO,2005,663,11,311
GMC,SAVANA PASS,2005,664,11,312
GMC,YUKON,2005,665,11,407
GMC,YUKON XL,2005,666,11,408
HONDA,ACCORD,2005,667,12,30
HONDA,CIVIC,2005,668,12,75
HONDA,CR-V,2005,669,12,90
HONDA,ELEMENT,2005,670,12,113
HONDA,INSIGHT,2005,671,12,187
HONDA,ODYSSEY,2005,672,12,252
HONDA,PILOT,2005,673,12,265
HONDA,S2000,2005,674,12,307
HYUNDAI,ELANTRA,2005,675,14,111
HYUNDAI,SANTA FE,2005,676,14,310
HYUNDAI,SONATA,2005,677,14,328
HYUNDAI,TIBURON,2005,678,14,351
HYUNDAI,TUCSON,2005,679,14,368
HYUNDAI,XG350,2005,680,14,397
INFINITI,FX,2005,681,15,154
INFINITI,Q45,2005,682,15,271
INFINITI,QX56,2005,683,15,274
JAGUAR,S-TYPE,2005,684,17,305
JAGUAR,X-TYPE,2005,685,17,388
JAGUAR,XJ6/8,2005,686,17,398
JAGUAR,XJR,2005,687,17,399
JAGUAR,XK8,2005,688,17,400
JEEP,GRAND CHEROKEE,2005,689,18,166
JEEP,LIBERTY,2005,690,18,205
JEEP,WRANGLER,2005,691,18,386
KIA,AMANTI,2005,692,19,34
KIA,OPTIMA,2005,693,19,253
KIA,RIO,2005,694,19,290
KIA,SEDONA,2005,695,19,315
KIA,SORENTO,2005,696,19,331
KIA,SPECTRA,2005,697,19,334
LAND ROVER,FREELANDER,2005,698,20,149
LAND ROVER,LR3,2005,699,20,207
LAND ROVER,RANGE ROVER,2005,700,20,282
LEXUS,ES330,2005,701,21,123
LEXUS,GS300,2005,702,21,169
LEXUS,GS430/460,2005,703,21,171
LEXUS,GX460/470,2005,704,21,176
LEXUS,IS300,2005,705,21,191
LEXUS,LS430/460,2005,706,21,210
LEXUS,LX470,2005,707,21,213
LEXUS,RX330,2005,708,21,299
LEXUS,SC430,2005,709,21,313
LINCOLN,AVIATOR,2005,710,22,45
LINCOLN,LS,2005,711,22,209
LINCOLN,NAVIGATOR,2005,712,22,247
LINCOLN,TOWN CAR,2005,713,22,358
MAZDA,B SERIES,2005,714,23,49
MAZDA,MAZDA3,2005,715,23,224
MAZDA,MAZDA6,2005,716,23,226
MAZDA,MPV PASS VAN,2005,717,23,242
MAZDA,MX-5 MIATA,2005,718,23,246
MAZDA,RX-8,2005,719,23,297
MAZDA,TRIBUTE,2005,720,23,364
MERCEDES-BENZ,C CLASS,2005,721,24,58
MERCEDES-BENZ,CL CLASS,2005,722,24,77
MERCEDES-BENZ,CLK CLASS,2005,723,24,78
MERCEDES-BENZ,E CLASS,2005,724,24,107
MERCEDES-BENZ,G CLASS,2005,725,24,155
MERCEDES-BENZ,M CLASS,2005,726,24,215
MERCEDES-BENZ,S CLASS,2005,727,24,304
MERCEDES-BENZ,SL CLASS,2005,728,24,324
MERCURY,GRAND MARQUIS,2005,729,25,167
MERCURY,MARINER,2005,730,25,219
MERCURY,MONTEGO,2005,731,25,238
MERCURY,MONTEREY,2005,732,25,239
MERCURY,MOUNTAINEER,2005,733,25,241
MERCURY,SABLE,2005,734,25,308
MITSUBISHI,LANCER,2005,735,27,198
MITSUBISHI,OUTLANDER,2005,736,27,255
NISSAN,ALTIMA,2005,737,28,33
NISSAN,ARMADA,2005,738,28,35
NISSAN,FRONTIER,2005,739,28,152
NISSAN,MAXIMA,2005,740,28,222
NISSAN,MURANO,2005,741,28,244
NISSAN,PATHFINDER,2005,742,28,262
NISSAN,QUEST,2005,743,28,272
NISSAN,SENTRA,2005,744,28,316
NISSAN,XTERRA,2005,745,28,403
PONTIAC,AZTEK,2005,746,30,48
PONTIAC,BONNEVILLE,2005,747,30,53
PONTIAC,GRAND AM,2005,748,30,165
PONTIAC,GRAND PRIX,2005,749,30,168
PONTIAC,GTO,2005,750,30,175
PONTIAC,MONTANA,2005,751,30,235
PONTIAC,SUNFIRE,2005,752,30,342
PONTIAC,VIBE,2005,753,30,378
PORSCHE,911,2005,754,31,24
PORSCHE,BOXSTER,2005,755,31,55
PORSCHE,CARRERA GT,2005,756,31,66
PORSCHE,CAYENNE,2005,757,31,68
RAM,DAKOTA,2005,758,32,101
RAM,RAM PICKUP,2005,759,32,280
SAAB,9-2X,2005,760,33,20
SAAB,9-3,2005,761,33,21
SAAB,9-5,2005,762,33,22
SUBARU,BAJA,2005,763,36,50
SUBARU,FORESTER,2005,764,36,146
SUBARU,IMPREZA,2005,765,36,186
SUBARU,LEGACY,2005,766,36,202
SUBARU,OUTBACK,2005,767,36,254
SUZUKI,AERIO,2005,768,37,31
SUZUKI,VERONA,2005,769,37,376
SUZUKI,VITARA,2005,770,37,381
SUZUKI,XL-7,2005,771,37,401
TOYOTA,4RUNNER PASS,2005,772,38,10
TOYOTA,AVALON,2005,773,38,42
TOYOTA,CAMRY,2005,774,38,63
TOYOTA,CELICA,2005,775,38,71
TOYOTA,COROLLA,2005,776,38,86
TOYOTA,ECHO,2005,777,38,108
TOYOTA,HIGHLANDER,2005,778,38,180
TOYOTA,LAND CRUISER,2005,779,38,199
TOYOTA,MATRIX,2005,780,38,221
TOYOTA,MR2 SPYDER,2005,781,38,243
TOYOTA,RAV4,2005,782,38,285
TOYOTA,SEQUOIA,2005,783,38,317
TOYOTA,SIENNA,2005,784,38,319
TOYOTA,TACOMA,2005,785,38,344
TOYOTA,TUNDRA,2005,786,38,369
VOLKSWAGEN,BEETLE II,2005,787,39,51
VOLKSWAGEN,GOLF,2005,788,39,164
VOLKSWAGEN,JETTA,2005,789,39,192
VOLKSWAGEN,PASSAT,2005,790,39,260
VOLKSWAGEN,PHAETON,2005,791,39,264
VOLKSWAGEN,TOUAREG,2005,792,39,356
VOLVO,50,2005,793,40,12
VOLVO,60,2005,794,40,14
VOLVO,70 V,2005,795,40,18
VOLVO,80,2005,796,40,19
VOLVO,XC70,2005,797,40,394
VOLVO,XC90,2005,798,40,395
ACURA,MDX,2006,799,1,227
ACURA,RL,2006,800,1,291
ACURA,RSX,2006,801,1,296
ACURA,TL,2006,802,1,354
ACURA,TSX,2006,803,1,366
AUDI,A3,2006,804,2,25
AUDI,A4,2006,805,2,26
AUDI,A6,2006,806,2,27
AUDI,TT,2006,807,2,367
BMW,3 SERIES,2006,808,3,3
BMW,5 SERIES,2006,809,3,11
BMW,6 SERIES,2006,810,3,13
BMW,7 SERIES,2006,811,3,16
BMW,X3,2006,812,3,390
BMW,X5,2006,813,3,391
BMW,Z4,2006,814,3,410
BUICK,LACROSSE,2006,815,4,197
BUICK,LUCERNE,2006,816,4,212
BUICK,RAINIER,2006,817,4,279
BUICK,RENDEZVOUS,2006,818,4,288
BUICK,TERRAZA,2006,819,4,349
CADILLAC,CTS,2006,820,5,97
CADILLAC,DTS,2006,821,5,105
CADILLAC,ESCALADE,2006,822,5,125
CADILLAC,ESCALADE ESV,2006,823,5,126
CADILLAC,ESCALADE EXT,2006,824,5,127
CADILLAC,SRX,2006,825,5,336
CADILLAC,STS,2006,826,5,340
CADILLAC,XLR,2006,827,5,402
CHEVROLET,AVALANCHE,2006,828,6,41
CHEVROLET,AVEO,2006,829,6,44
CHEVROLET,COBALT,2006,830,6,79
CHEVROLET,CORVETTE,2006,831,6,87
CHEVROLET,EQUINOX,2006,832,6,120
CHEVROLET,EXPRESS CARGO,2006,833,6,135
CHEVROLET,HHR,2006,834,6,179
CHEVROLET,IMPALA,2006,835,6,185
CHEVROLET,MALIBU,2006,836,6,218
CHEVROLET,MONTE CARLO,2006,837,6,237
CHEVROLET,SILVERADO,2006,838,6,322
CHEVROLET,SSR,2006,839,6,337
CHEVROLET,SUBURBAN,2006,840,6,341
CHEVROLET,TAHOE,2006,841,6,345
CHEVROLET,TRAILBLAZER,2006,842,6,360
CHRYSLER,300 SERIES,2006,843,7,6
CHRYSLER,PACIFICA,2006,844,7,257
CHRYSLER,PT CRUISER,2006,845,7,270
CHRYSLER,SEBRING SEDAN,2006,846,7,314
CHRYSLER,TOWN & COUNTRY,2006,847,7,357
DODGE,CARAVAN,2006,848,9,65
DODGE,CHARGER,2006,849,9,74
DODGE,DURANGO,2006,850,9,106
DODGE,MAGNUM,2006,851,9,217
DODGE,VIPER,2006,852,9,380
FORD,CROWN VICTORIA,2006,853,10,94
FORD,ECONOLINE,2006,854,10,109
FORD,ESCAPE,2006,855,10,128
FORD,EXPEDITION,2006,856,10,133
FORD,EXPLORER,2006,857,10,134
FORD,F SERIES,2006,858,10,137
FORD,FIVE HUNDRED,2006,859,10,141
FORD,FOCUS,2006,860,10,144
FORD,FREESTAR,2006,861,10,150
FORD,FREESTYLE,2006,862,10,151
FORD,FUSION,2006,863,10,153
FORD,MUSTANG,2006,864,10,245
FORD,RANGER,2006,865,10,284
FORD,TAURUS,2006,866,10,346
GMC,CANYON,2006,867,11,64
GMC,ENVOY,2006,868,11,117
GMC,SAVANA CARGO,2006,869,11,311
GMC,SIERRA,2006,870,11,320
GMC,YUKON,2006,871,11,407
GMC,YUKON XL,2006,872,11,408
HONDA,ACCORD,2006,873,12,30
HONDA,CR-V,2006,874,12,90
HONDA,INSIGHT,2006,875,12,187
HONDA,ODYSSEY,2006,876,12,252
HONDA,PILOT,2006,877,12,265
HONDA,RIDGELINE,2006,878,12,289
HONDA,S2000,2006,879,12,307
HYUNDAI,ACCENT,2006,880,14,29
HYUNDAI,ELANTRA,2006,881,14,111
HYUNDAI,SANTA FE,2006,882,14,310
HYUNDAI,SONATA,2006,883,14,328
HYUNDAI,TUCSON,2006,884,14,368
INFINITI,FX,2006,885,15,154
INFINITI,G35/37,2006,886,15,157
INFINITI,M35/45,2006,887,15,216
INFINITI,Q45,2006,888,15,271
ISUZU,ASCENDER,2006,889,16,36
ISUZU,i-SERIES,2006,890,16,413
JAGUAR,S-TYPE,2006,891,17,305
JAGUAR,X-TYPE,2006,892,17,388
JAGUAR,XJ6/8,2006,893,17,398
JAGUAR,XJR,2006,894,17,399
JEEP,COMMANDER,2006,895,18,81
JEEP,GRAND CHEROKEE,2006,896,18,166
JEEP,WRANGLER,2006,897,18,386
KIA,OPTIMA,2006,898,19,253
KIA,RIO,2006,899,19,290
KIA,SEDONA,2006,900,19,315
KIA,SORENTO,2006,901,19,331
KIA,SPECTRA,2006,902,19,334
KIA,SPORTAGE,2006,903,19,335
LAND ROVER,LR3,2006,904,20,207
LAND ROVER,RANGE ROVER,2006,905,20,282
LEXUS,ES330,2006,906,21,123
LEXUS,GS300,2006,907,21,169
LEXUS,GS430/460,2006,908,21,171
LEXUS,GX460/470,2006,909,21,176
LEXUS,IS250/350,2006,910,21,190
LEXUS,LS430/460,2006,911,21,210
LEXUS,LX470,2006,912,21,213
LEXUS,RX330,2006,913,21,299
LEXUS,RX400,2006,914,21,301
LEXUS,SC430,2006,915,21,313
LINCOLN,LS,2006,916,22,209
LINCOLN,MARK LT,2006,917,22,220
LINCOLN,NAVIGATOR,2006,918,22,247
LINCOLN,TOWN CAR,2006,919,22,358
MAZDA,MAZDA3,2006,920,23,224
MAZDA,MAZDA5,2006,921,23,225
MAZDA,MAZDA6,2006,922,23,226
MAZDA,MPV PASS VAN,2006,923,23,242
MAZDA,MX-5 MIATA,2006,924,23,246
MAZDA,RX-8,2006,925,23,297
MAZDA,TRIBUTE,2006,926,23,364
MERCEDES-BENZ,C CLASS,2006,927,24,58
MERCEDES-BENZ,CL CLASS,2006,928,24,77
MERCEDES-BENZ,CLK CLASS,2006,929,24,78
MERCEDES-BENZ,E CLASS,2006,930,24,107
MERCEDES-BENZ,M CLASS,2006,931,24,215
MERCEDES-BENZ,R CLASS,2006,932,24,275
MERCEDES-BENZ,S CLASS,2006,933,24,304
MERCEDES-BENZ,SL CLASS,2006,934,24,324
MERCEDES-BENZ,SLK CLASS,2006,935,24,325
MERCURY,GRAND MARQUIS,2006,936,25,167
MERCURY,MARINER,2006,937,25,219
MERCURY,MILAN,2006,938,25,228
MERCURY,MONTEGO,2006,939,25,238
MERCURY,MONTEREY,2006,940,25,239
MERCURY,MOUNTAINEER,2006,941,25,241
MITSUBISHI,LANCER,2006,942,27,198
MITSUBISHI,OUTLANDER,2006,943,27,255
MITSUBISHI,RAIDER,2006,944,27,278
NISSAN,350Z,2006,945,28,7
NISSAN,ALTIMA,2006,946,28,33
NISSAN,ARMADA,2006,947,28,35
NISSAN,FRONTIER,2006,948,28,152
NISSAN,MAXIMA,2006,949,28,222
NISSAN,MURANO,2006,950,28,244
NISSAN,PATHFINDER,2006,951,28,262
NISSAN,QUEST,2006,952,28,272
NISSAN,SENTRA,2006,953,28,316
NISSAN,TITAN,2006,954,28,353
NISSAN,XTERRA,2006,955,28,403
PONTIAC,GRAND PRIX,2006,956,30,168
PONTIAC,GTO,2006,957,30,175
PONTIAC,MONTANA SV6,2006,958,30,236
PONTIAC,SOLSTICE,2006,959,30,327
PONTIAC,TORRENT,2006,960,30,355
PONTIAC,VIBE,2006,961,30,378
PORSCHE,911,2006,962,31,24
PORSCHE,BOXSTER,2006,963,31,55
PORSCHE,CAYMAN,2006,964,31,69
RAM,DAKOTA,2006,965,32,101
RAM,RAM PICKUP,2006,966,32,280
SAAB,9-2X,2006,967,33,20
SAAB,9-3,2006,968,33,21
SAAB,9-5,2006,969,33,22
SAAB,9-7X,2006,970,33,23
SCION,tC,2006,971,35,414
SCION,xA,2006,972,35,415
SCION,xB,2006,973,35,416
SUBARU,BAJA,2006,974,36,50
SUBARU,FORESTER,2006,975,36,146
SUBARU,LEGACY,2006,976,36,202
SUBARU,OUTBACK,2006,977,36,254
SUBARU,TRIBECA,2006,978,36,363
SUZUKI,AERIO,2006,979,37,31
SUZUKI,FORENZA,2006,980,37,145
SUZUKI,VERONA,2006,981,37,376
SUZUKI,VITARA,2006,982,37,381
SUZUKI,XL-7,2006,983,37,401
TOYOTA,4RUNNER PASS,2006,984,38,10
TOYOTA,AVALON,2006,985,38,42
TOYOTA,CAMRY,2006,986,38,63
TOYOTA,COROLLA,2006,987,38,86
TOYOTA,HIGHLANDER,2006,988,38,180
TOYOTA,LAND CRUISER,2006,989,38,199
TOYOTA,MATRIX,2006,990,38,221
TOYOTA,RAV4,2006,991,38,285
TOYOTA,SEQUOIA,2006,992,38,317
TOYOTA,SIENNA,2006,993,38,319
TOYOTA,TACOMA,2006,994,38,344
TOYOTA,TUNDRA,2006,995,38,369
VOLKSWAGEN,BEETLE II,2006,996,39,51
VOLKSWAGEN,GOLF,2006,997,39,164
VOLKSWAGEN,GTI,2006,998,39,174
VOLKSWAGEN,PHAETON,2006,999,39,264
VOLKSWAGEN,TOUAREG,2006,1000,39,356
VOLVO,40,2006,1001,40,9
VOLVO,50,2006,1002,40,12
VOLVO,60,2006,1003,40,14
VOLVO,70 C,2006,1004,40,17
VOLVO,70 V,2006,1005,40,18
VOLVO,80,2006,1006,40,19
VOLVO,XC70,2006,1007,40,394
VOLVO,XC90,2006,1008,40,395
ACURA,MDX,2007,1009,1,227
ACURA,RL,2007,1010,1,291
ACURA,TL,2007,1011,1,354
AUDI,A3,2007,1012,2,25
AUDI,A6,2007,1013,2,27
BMW,3 SERIES,2007,1014,3,3
BMW,5 SERIES,2007,1015,3,11
BMW,7 SERIES,2007,1016,3,16
BMW,X3,2007,1017,3,390
BMW,X5,2007,1018,3,391
BMW,Z4,2007,1019,3,410
BUICK,LACROSSE,2007,1020,4,197
BUICK,LUCERNE,2007,1021,4,212
BUICK,RENDEZVOUS,2007,1022,4,288
BUICK,TERRAZA,2007,1023,4,349
CADILLAC,CTS,2007,1024,5,97
CADILLAC,DTS,2007,1025,5,105
CADILLAC,ESCALADE,2007,1026,5,125
CADILLAC,ESCALADE ESV,2007,1027,5,126
CADILLAC,ESCALADE EXT,2007,1028,5,127
CADILLAC,SRX,2007,1029,5,336
CADILLAC,STS,2007,1030,5,340
CADILLAC,XLR,2007,1031,5,402
CHEVROLET,AVALANCHE,2007,1032,6,41
CHEVROLET,AVEO,2007,1033,6,44
CHEVROLET,COBALT,2007,1034,6,79
CHEVROLET,COLORADO,2007,1035,6,80
CHEVROLET,CORVETTE,2007,1036,6,87
CHEVROLET,EQUINOX,2007,1037,6,120
CHEVROLET,HHR,2007,1038,6,179
CHEVROLET,IMPALA,2007,1039,6,185
CHEVROLET,MALIBU,2007,1040,6,218
CHEVROLET,MONTE CARLO,2007,1041,6,237
CHEVROLET,SILVERADO,2007,1042,6,322
CHEVROLET,SUBURBAN,2007,1043,6,341
CHEVROLET,TAHOE,2007,1044,6,345
CHEVROLET,TRAILBLAZER,2007,1045,6,360
CHEVROLET,UPLANDER,2007,1046,6,370
CHRYSLER,300 SERIES,2007,1047,7,6
CHRYSLER,ASPEN,2007,1048,7,37
CHRYSLER,PACIFICA,2007,1049,7,257
CHRYSLER,PT CRUISER,2007,1050,7,270
CHRYSLER,SEBRING SEDAN,2007,1051,7,314
CHRYSLER,TOWN & COUNTRY,2007,1052,7,357
DODGE,CALIBER,2007,1053,9,61
DODGE,CARAVAN,2007,1054,9,65
DODGE,CHARGER,2007,1055,9,74
DODGE,DURANGO,2007,1056,9,106
DODGE,MAGNUM,2007,1057,9,217
DODGE,NITRO,2007,1058,9,249
FORD,CROWN VICTORIA,2007,1059,10,94
FORD,EDGE,2007,1060,10,110
FORD,ESCAPE,2007,1061,10,128
FORD,EXPEDITION,2007,1062,10,133
FORD,EXPLORER,2007,1063,10,134
FORD,F SERIES,2007,1064,10,137
FORD,FIVE HUNDRED,2007,1065,10,141
FORD,FREESTAR,2007,1066,10,150
FORD,FREESTYLE,2007,1067,10,151
FORD,FUSION,2007,1068,10,153
FORD,MUSTANG,2007,1069,10,245
FORD,RANGER,2007,1070,10,284
FORD,TAURUS,2007,1071,10,346
GMC,ACADIA,2007,1072,11,28
GMC,CANYON,2007,1073,11,64
GMC,ENVOY,2007,1074,11,117
GMC,SAVANA CARGO,2007,1075,11,311
GMC,SIERRA,2007,1076,11,320
GMC,YUKON,2007,1077,11,407
GMC,YUKON XL,2007,1078,11,408
HONDA,ACCORD,2007,1079,12,30
HONDA,CIVIC,2007,1080,12,75
HONDA,CR-V,2007,1081,12,90
HONDA,ELEMENT,2007,1082,12,113
HONDA,FIT,2007,1083,12,140
HONDA,PILOT,2007,1084,12,265
HONDA,RIDGELINE,2007,1085,12,289
HONDA,S2000,2007,1086,12,307
HYUNDAI,AZERA,2007,1087,14,47
HYUNDAI,ELANTRA,2007,1088,14,111
HYUNDAI,ENTOURAGE,2007,1089,14,116
HYUNDAI,SANTA FE,2007,1090,14,310
HYUNDAI,SONATA,2007,1091,14,328
HYUNDAI,TIBURON,2007,1092,14,351
HYUNDAI,TUCSON,2007,1093,14,368
INFINITI,FX,2007,1094,15,154
INFINITI,G35/37,2007,1095,15,157
INFINITI,M35/45,2007,1096,15,216
INFINITI,QX56,2007,1097,15,274
ISUZU,ASCENDER,2007,1098,16,36
ISUZU,i-SERIES,2007,1099,16,413
JAGUAR,S-TYPE,2007,1100,17,305
JAGUAR,X-TYPE,2007,1101,17,388
JAGUAR,XJ6/8,2007,1102,17,398
JAGUAR,XK8,2007,1103,17,400
JEEP,COMMANDER,2007,1104,18,81
JEEP,COMPASS,2007,1105,18,82
JEEP,GRAND CHEROKEE,2007,1106,18,166
JEEP,LIBERTY,2007,1107,18,205
JEEP,WRANGLER,2007,1108,18,386
KIA,AMANTI,2007,1109,19,34
KIA,OPTIMA,2007,1110,19,253
KIA,RIO,2007,1111,19,290
KIA,SEDONA,2007,1112,19,315
KIA,SORENTO,2007,1113,19,331
KIA,SPECTRA,2007,1114,19,334
KIA,SPORTAGE,2007,1115,19,335
LAND ROVER,RANGE ROVER,2007,1116,20,282
LAND ROVER,RANGE ROVER SPORT,2007,1117,20,283
LEXUS,ES350,2007,1118,21,124
LEXUS,GS350,2007,1119,21,170
LEXUS,GS430/460,2007,1120,21,171
LEXUS,GS450,2007,1121,21,172
LEXUS,GX460/470,2007,1122,21,176
LEXUS,IS250/350,2007,1123,21,190
LEXUS,LS430/460,2007,1124,21,210
LEXUS,LX470,2007,1125,21,213
LEXUS,RX350,2007,1126,21,300
LEXUS,RX400,2007,1127,21,301
LEXUS,SC430,2007,1128,21,313
LINCOLN,MARK LT,2007,1129,22,220
LINCOLN,MKZ,2007,1130,22,234
LINCOLN,NAVIGATOR,2007,1131,22,247
LINCOLN,TOWN CAR,2007,1132,22,358
MAZDA,B SERIES,2007,1133,23,49
MAZDA,CX-7,2007,1134,23,99
MAZDA,MAZDA3,2007,1135,23,224
MAZDA,MAZDA5,2007,1136,23,225
MAZDA,MAZDA6,2007,1137,23,226
MAZDA,MX-5 MIATA,2007,1138,23,246
MAZDA,RX-8,2007,1139,23,297
MERCEDES-BENZ,C CLASS,2007,1140,24,58
MERCEDES-BENZ,CL CLASS,2007,1141,24,77
MERCEDES-BENZ,CLK CLASS,2007,1142,24,78
MERCEDES-BENZ,E CLASS,2007,1143,24,107
MERCEDES-BENZ,GL CLASS,2007,1144,24,162
MERCEDES-BENZ,M CLASS,2007,1145,24,215
MERCEDES-BENZ,R CLASS,2007,1146,24,275
MERCEDES-BENZ,S CLASS,2007,1147,24,304
MERCEDES-BENZ,SL CLASS,2007,1148,24,324
MERCEDES-BENZ,SLK CLASS,2007,1149,24,325
MERCURY,GRAND MARQUIS,2007,1150,25,167
MERCURY,MARINER,2007,1151,25,219
MERCURY,MILAN,2007,1152,25,228
MERCURY,MONTEGO,2007,1153,25,238
MERCURY,MOUNTAINEER,2007,1154,25,241
MITSUBISHI,OUTLANDER,2007,1155,27,255
MITSUBISHI,RAIDER,2007,1156,27,278
NISSAN,350Z,2007,1157,28,7
NISSAN,ALTIMA,2007,1158,28,33
NISSAN,ARMADA,2007,1159,28,35
NISSAN,FRONTIER,2007,1160,28,152
NISSAN,MAXIMA,2007,1161,28,222
NISSAN,MURANO,2007,1162,28,244
NISSAN,PATHFINDER,2007,1163,28,262
NISSAN,QUEST,2007,1164,28,272
NISSAN,SENTRA,2007,1165,28,316
NISSAN,TITAN,2007,1166,28,353
NISSAN,VERSA,2007,1167,28,377
NISSAN,XTERRA,2007,1168,28,403
PONTIAC,G5,2007,1169,30,158
PONTIAC,GRAND PRIX,2007,1170,30,168
PONTIAC,SOLSTICE,2007,1171,30,327
PONTIAC,TORRENT,2007,1172,30,355
PONTIAC,VIBE,2007,1173,30,378
PORSCHE,911,2007,1174,31,24
PORSCHE,BOXSTER,2007,1175,31,55
PORSCHE,CAYMAN,2007,1176,31,69
RAM,DAKOTA,2007,1177,32,101
RAM,RAM PICKUP,2007,1178,32,280
SAAB,9-3,2007,1179,33,21
SAAB,9-5,2007,1180,33,22
SAAB,9-7X,2007,1181,33,23
SATURN,SKY,2007,1182,34,323
SATURN,VUE,2007,1183,34,384
SUBARU,FORESTER,2007,1184,36,146
SUBARU,IMPREZA,2007,1185,36,186
SUBARU,LEGACY,2007,1186,36,202
SUBARU,OUTBACK,2007,1187,36,254
SUZUKI,AERIO,2007,1188,37,31
SUZUKI,FORENZA,2007,1189,37,145
SUZUKI,SX4,2007,1190,37,343
SUZUKI,VITARA,2007,1191,37,381
SUZUKI,XL-7,2007,1192,37,401
TOYOTA,4RUNNER PASS,2007,1193,38,10
TOYOTA,AVALON,2007,1194,38,42
TOYOTA,CAMRY,2007,1195,38,63
TOYOTA,COROLLA,2007,1196,38,86
TOYOTA,FJ CRUISER,2007,1197,38,142
TOYOTA,HIGHLANDER,2007,1198,38,180
TOYOTA,LAND CRUISER,2007,1199,38,199
TOYOTA,MATRIX,2007,1200,38,221
TOYOTA,PRIUS,2007,1201,38,266
TOYOTA,RAV4,2007,1202,38,285
TOYOTA,SEQUOIA,2007,1203,38,317
TOYOTA,SIENNA,2007,1204,38,319
TOYOTA,TACOMA,2007,1205,38,344
TOYOTA,TUNDRA,2007,1206,38,369
VOLKSWAGEN,BEETLE II,2007,1207,39,51
VOLKSWAGEN,EOS,2007,1208,39,118
VOLKSWAGEN,GTI,2007,1209,39,174
VOLKSWAGEN,JETTA,2007,1210,39,192
VOLKSWAGEN,PASSAT,2007,1211,39,260
VOLKSWAGEN,RABBIT,2007,1212,39,277
VOLKSWAGEN,TOUAREG,2007,1213,39,356
VOLVO,40,2007,1214,40,9
VOLVO,50,2007,1215,40,12
VOLVO,60,2007,1216,40,14
VOLVO,70 C,2007,1217,40,17
VOLVO,70 V,2007,1218,40,18
VOLVO,80,2007,1219,40,19
VOLVO,XC70,2007,1220,40,394
VOLVO,XC90,2007,1221,40,395
ACURA,MDX,2008,1222,1,227
ACURA,RDX,2008,1223,1,286
ACURA,RL,2008,1224,1,291
ACURA,TL,2008,1225,1,354
ACURA,TSX,2008,1226,1,366
AUDI,A4,2008,1227,2,26
AUDI,A6,2008,1228,2,27
AUDI,TT,2008,1229,2,367
BMW,3 SERIES,2008,1230,3,3
BMW,5 SERIES,2008,1231,3,11
BMW,6 SERIES,2008,1232,3,13
BMW,7 SERIES,2008,1233,3,16
BMW,X3,2008,1234,3,390
BMW,X5,2008,1235,3,391
BMW,Z4,2008,1236,3,410
BUICK,ENCLAVE,2008,1237,4,114
BUICK,LACROSSE,2008,1238,4,197
BUICK,LUCERNE,2008,1239,4,212
CADILLAC,CTS,2008,1240,5,97
CADILLAC,DTS,2008,1241,5,105
CADILLAC,ESCALADE,2008,1242,5,125
CADILLAC,ESCALADE ESV,2008,1243,5,126
CADILLAC,ESCALADE EXT,2008,1244,5,127
CADILLAC,SRX,2008,1245,5,336
CADILLAC,STS,2008,1246,5,340
CADILLAC,XLR,2008,1247,5,402
CHEVROLET,AVEO,2008,1248,6,44
CHEVROLET,COBALT,2008,1249,6,79
CHEVROLET,COLORADO,2008,1250,6,80
CHEVROLET,CORVETTE,2008,1251,6,87
CHEVROLET,EQUINOX,2008,1252,6,120
CHEVROLET,EXPRESS PASS,2008,1253,6,136
CHEVROLET,HHR,2008,1254,6,179
CHEVROLET,IMPALA,2008,1255,6,185
CHEVROLET,MALIBU,2008,1256,6,218
CHEVROLET,SILVERADO,2008,1257,6,322
CHEVROLET,TAHOE,2008,1258,6,345
CHEVROLET,TRAILBLAZER,2008,1259,6,360
CHEVROLET,UPLANDER,2008,1260,6,370
CHRYSLER,300 SERIES,2008,1261,7,6
CHRYSLER,ASPEN,2008,1262,7,37
CHRYSLER,CROSSFIRE,2008,1263,7,92
CHRYSLER,PACIFICA,2008,1264,7,257
CHRYSLER,PT CRUISER,2008,1265,7,270
CHRYSLER,SEBRING SEDAN,2008,1266,7,314
DODGE,AVENGER,2008,1267,9,43
DODGE,CALIBER,2008,1268,9,61
DODGE,CARAVAN,2008,1269,9,65
DODGE,CHALLENGER,2008,1270,9,73
DODGE,CHARGER,2008,1271,9,74
DODGE,MAGNUM,2008,1272,9,217
DODGE,NITRO,2008,1273,9,249
DODGE,VIPER,2008,1274,9,380
FORD,EDGE,2008,1275,10,110
FORD,ESCAPE,2008,1276,10,128
FORD,EXPEDITION,2008,1277,10,133
FORD,EXPLORER,2008,1278,10,134
FORD,F SERIES,2008,1279,10,137
FORD,FOCUS,2008,1280,10,144
FORD,FUSION,2008,1281,10,153
FORD,MUSTANG,2008,1282,10,245
FORD,RANGER,2008,1283,10,284
FORD,TAURUS X,2008,1284,10,347
GMC,ACADIA,2008,1285,11,28
GMC,CANYON,2008,1286,11,64
GMC,ENVOY,2008,1287,11,117
GMC,SIERRA,2008,1288,11,320
GMC,YUKON,2008,1289,11,407
GMC,YUKON XL,2008,1290,11,408
HONDA,ACCORD,2008,1291,12,30
HONDA,CIVIC,2008,1292,12,75
HONDA,CR-V,2008,1293,12,90
HONDA,ELEMENT,2008,1294,12,113
HONDA,FIT,2008,1295,12,140
HONDA,ODYSSEY,2008,1296,12,252
HONDA,PILOT,2008,1297,12,265
HONDA,RIDGELINE,2008,1298,12,289
HONDA,S2000,2008,1299,12,307
HYUNDAI,ACCENT,2008,1300,14,29
HYUNDAI,AZERA,2008,1301,14,47
HYUNDAI,ELANTRA,2008,1302,14,111
HYUNDAI,ENTOURAGE,2008,1303,14,116
HYUNDAI,SANTA FE,2008,1304,14,310
HYUNDAI,SONATA,2008,1305,14,328
HYUNDAI,TIBURON,2008,1306,14,351
HYUNDAI,TUCSON,2008,1307,14,368
HYUNDAI,VERACRUZ,2008,1308,14,374
INFINITI,EX,2008,1309,15,132
INFINITI,FX,2008,1310,15,154
INFINITI,G35/37,2008,1311,15,157
INFINITI,QX56,2008,1312,15,274
JAGUAR,X-TYPE,2008,1313,17,388
JAGUAR,XJ6/8,2008,1314,17,398
JAGUAR,XK8,2008,1315,17,400
JEEP,COMMANDER,2008,1316,18,81
JEEP,COMPASS,2008,1317,18,82
JEEP,GRAND CHEROKEE,2008,1318,18,166
JEEP,LIBERTY,2008,1319,18,205
JEEP,PATRIOT,2008,1320,18,263
JEEP,WRANGLER,2008,1321,18,386
KIA,AMANTI,2008,1322,19,34
KIA,OPTIMA,2008,1323,19,253
KIA,RIO,2008,1324,19,290
KIA,RONDO,2008,1325,19,294
KIA,SEDONA,2008,1326,19,315
KIA,SORENTO,2008,1327,19,331
KIA,SPECTRA,2008,1328,19,334
KIA,SPORTAGE,2008,1329,19,335
LAND ROVER,LR2,2008,1330,20,206
LAND ROVER,LR3,2008,1331,20,207
LAND ROVER,RANGE ROVER,2008,1332,20,282
LAND ROVER,RANGE ROVER SPORT,2008,1333,20,283
LEXUS,GS350,2008,1334,21,170
LEXUS,GS430/460,2008,1335,21,171
LEXUS,GX460/470,2008,1336,21,176
LEXUS,IS250/350,2008,1337,21,190
LEXUS,LS430/460,2008,1338,21,210
LEXUS,LS600,2008,1339,21,211
LEXUS,RX350,2008,1340,21,300
LEXUS,RX400,2008,1341,21,301
LEXUS,SC430,2008,1342,21,313
LINCOLN,MKX,2008,1343,22,233
LINCOLN,MKZ,2008,1344,22,234
LINCOLN,NAVIGATOR,2008,1345,22,247
LINCOLN,TOWN CAR,2008,1346,22,358
MAZDA,B SERIES,2008,1347,23,49
MAZDA,CX-7,2008,1348,23,99
MAZDA,CX-9,2008,1349,23,100
MAZDA,MAZDA3,2008,1350,23,224
MAZDA,MAZDA5,2008,1351,23,225
MAZDA,MAZDA6,2008,1352,23,226
MAZDA,MX-5 MIATA,2008,1353,23,246
MAZDA,RX-8,2008,1354,23,297
MAZDA,TRIBUTE,2008,1355,23,364
MERCEDES-BENZ,C CLASS,2008,1356,24,58
MERCEDES-BENZ,CL CLASS,2008,1357,24,77
MERCEDES-BENZ,CLK CLASS,2008,1358,24,78
MERCEDES-BENZ,E CLASS,2008,1359,24,107
MERCEDES-BENZ,G CLASS,2008,1360,24,155
MERCEDES-BENZ,GL CLASS,2008,1361,24,162
MERCEDES-BENZ,M CLASS,2008,1362,24,215
MERCEDES-BENZ,R CLASS,2008,1363,24,275
MERCEDES-BENZ,S CLASS,2008,1364,24,304
MERCEDES-BENZ,SL CLASS,2008,1365,24,324
MERCEDES-BENZ,SLK CLASS,2008,1366,24,325
MERCURY,GRAND MARQUIS,2008,1367,25,167
MERCURY,MARINER,2008,1368,25,219
MERCURY,MILAN,2008,1369,25,228
MERCURY,MOUNTAINEER,2008,1370,25,241
MERCURY,SABLE,2008,1371,25,308
MITSUBISHI,LANCER,2008,1372,27,198
MITSUBISHI,OUTLANDER,2008,1373,27,255
NISSAN,350Z,2008,1374,28,7
NISSAN,ALTIMA,2008,1375,28,33
NISSAN,ARMADA,2008,1376,28,35
NISSAN,FRONTIER,2008,1377,28,152
NISSAN,MAXIMA,2008,1378,28,222
NISSAN,PATHFINDER,2008,1379,28,262
NISSAN,QUEST,2008,1380,28,272
NISSAN,ROGUE,2008,1381,28,293
NISSAN,SENTRA,2008,1382,28,316
NISSAN,TITAN,2008,1383,28,353
NISSAN,VERSA,2008,1384,28,377
PONTIAC,G5,2008,1385,30,158
PONTIAC,G6,2008,1386,30,159
PONTIAC,G8,2008,1387,30,160
PONTIAC,GRAND PRIX,2008,1388,30,168
PONTIAC,SOLSTICE,2008,1389,30,327
PONTIAC,TORRENT,2008,1390,30,355
PONTIAC,VIBE,2008,1391,30,378
PORSCHE,911,2008,1392,31,24
PORSCHE,BOXSTER,2008,1393,31,55
PORSCHE,CAYENNE,2008,1394,31,68
PORSCHE,CAYMAN,2008,1395,31,69
RAM,DAKOTA,2008,1396,32,101
RAM,RAM PICKUP,2008,1397,32,280
SAAB,9-3,2008,1398,33,21
SAAB,9-5,2008,1399,33,22
SAAB,9-7X,2008,1400,33,23
SATURN,SKY,2008,1401,34,323
SATURN,VUE,2008,1402,34,384
SCION,tC,2008,1403,35,414
SCION,xB,2008,1404,35,416
SUBARU,IMPREZA,2008,1405,36,186
SUBARU,LEGACY,2008,1406,36,202
SUBARU,OUTBACK,2008,1407,36,254
SUBARU,TRIBECA,2008,1408,36,363
SUZUKI,FORENZA,2008,1409,37,145
SUZUKI,SX4,2008,1410,37,343
SUZUKI,VITARA,2008,1411,37,381
SUZUKI,XL-7,2008,1412,37,401
TOYOTA,4RUNNER PASS,2008,1413,38,10
TOYOTA,AVALON,2008,1414,38,42
TOYOTA,CAMRY,2008,1415,38,63
TOYOTA,COROLLA,2008,1416,38,86
TOYOTA,FJ CRUISER,2008,1417,38,142
TOYOTA,HIGHLANDER,2008,1418,38,180
TOYOTA,LAND CRUISER,2008,1419,38,199
TOYOTA,MATRIX,2008,1420,38,221
TOYOTA,PRIUS,2008,1421,38,266
TOYOTA,SEQUOIA,2008,1422,38,317
TOYOTA,SIENNA,2008,1423,38,319
TOYOTA,TACOMA,2008,1424,38,344
TOYOTA,TUNDRA,2008,1425,38,369
VOLKSWAGEN,BEETLE II,2008,1426,39,51
VOLKSWAGEN,EOS,2008,1427,39,118
VOLKSWAGEN,GTI,2008,1428,39,174
VOLKSWAGEN,JETTA,2008,1429,39,192
VOLKSWAGEN,PASSAT,2008,1430,39,260
VOLKSWAGEN,R32,2008,1431,39,276
VOLKSWAGEN,RABBIT,2008,1432,39,277
VOLKSWAGEN,TOUAREG,2008,1433,39,356
VOLVO,30,2008,1434,40,4
VOLVO,40,2008,1435,40,9
VOLVO,50,2008,1436,40,12
VOLVO,60,2008,1437,40,14
VOLVO,70 C,2008,1438,40,17
VOLVO,70 V,2008,1439,40,18
VOLVO,80,2008,1440,40,19
VOLVO,XC70,2008,1441,40,394
VOLVO,XC90,2008,1442,40,395
ACURA,MDX,2009,1443,1,227
ACURA,RDX,2009,1444,1,286
ACURA,RL,2009,1445,1,291
ACURA,TL,2009,1446,1,354
ACURA,TSX,2009,1447,1,366
AUDI,A3,2009,1448,2,25
AUDI,A4,2009,1449,2,26
AUDI,TT,2009,1450,2,367
BMW,3 SERIES,2009,1451,3,3
BMW,5 SERIES,2009,1452,3,11
BMW,X3,2009,1453,3,390
BMW,X5,2009,1454,3,391
BMW,X6,2009,1455,3,392
BUICK,ENCLAVE,2009,1456,4,114
BUICK,LACROSSE,2009,1457,4,197
BUICK,LUCERNE,2009,1458,4,212
CADILLAC,CTS,2009,1459,5,97
CADILLAC,ESCALADE,2009,1460,5,125
CADILLAC,ESCALADE ESV,2009,1461,5,126
CADILLAC,SRX,2009,1462,5,336
CADILLAC,STS,2009,1463,5,340
CADILLAC,XLR,2009,1464,5,402
CHEVROLET,AVALANCHE,2009,1465,6,41
CHEVROLET,AVEO,2009,1466,6,44
CHEVROLET,COBALT,2009,1467,6,79
CHEVROLET,COLORADO,2009,1468,6,80
CHEVROLET,CORVETTE,2009,1469,6,87
CHEVROLET,EQUINOX,2009,1470,6,120
CHEVROLET,EXPRESS CARGO,2009,1471,6,135
CHEVROLET,HHR,2009,1472,6,179
CHEVROLET,IMPALA,2009,1473,6,185
CHEVROLET,MALIBU,2009,1474,6,218
CHEVROLET,SILVERADO,2009,1475,6,322
CHEVROLET,SUBURBAN,2009,1476,6,341
CHEVROLET,TAHOE,2009,1477,6,345
CHEVROLET,TRAILBLAZER,2009,1478,6,360
CHEVROLET,TRAVERSE,2009,1479,6,362
CHRYSLER,300 SERIES,2009,1480,7,6
CHRYSLER,ASPEN,2009,1481,7,37
CHRYSLER,PT CRUISER,2009,1482,7,270
CHRYSLER,SEBRING SEDAN,2009,1483,7,314
CHRYSLER,TOWN & COUNTRY,2009,1484,7,357
DODGE,AVENGER,2009,1485,9,43
DODGE,CALIBER,2009,1486,9,61
DODGE,CHALLENGER,2009,1487,9,73
DODGE,CHARGER,2009,1488,9,74
DODGE,DURANGO,2009,1489,9,106
DODGE,JOURNEY,2009,1490,9,193
DODGE,NITRO,2009,1491,9,249
FORD,EDGE,2009,1492,10,110
FORD,ESCAPE,2009,1493,10,128
FORD,EXPEDITION,2009,1494,10,133
FORD,EXPLORER,2009,1495,10,134
FORD,F SERIES,2009,1496,10,137
FORD,FLEX,2009,1497,10,143
FORD,FOCUS,2009,1498,10,144
FORD,FUSION,2009,1499,10,153
FORD,MUSTANG,2009,1500,10,245
FORD,RANGER,2009,1501,10,284
FORD,TAURUS,2009,1502,10,346
FORD,TAURUS X,2009,1503,10,347
GMC,ACADIA,2009,1504,11,28
GMC,CANYON,2009,1505,11,64
GMC,ENVOY,2009,1506,11,117
GMC,SIERRA,2009,1507,11,320
GMC,YUKON,2009,1508,11,407
GMC,YUKON XL,2009,1509,11,408
HONDA,ACCORD,2009,1510,12,30
HONDA,CR-V,2009,1511,12,90
HONDA,ELEMENT,2009,1512,12,113
HONDA,FIT,2009,1513,12,140
HONDA,ODYSSEY,2009,1514,12,252
HONDA,PILOT,2009,1515,12,265
HONDA,RIDGELINE,2009,1516,12,289
HUMMER,H3,2009,1517,13,177
HUMMER,H3T,2009,1518,13,178
HYUNDAI,ACCENT,2009,1519,14,29
HYUNDAI,AZERA,2009,1520,14,47
HYUNDAI,ELANTRA,2009,1521,14,111
HYUNDAI,GENESIS,2009,1522,14,161
HYUNDAI,SANTA FE,2009,1523,14,310
HYUNDAI,SONATA,2009,1524,14,328
HYUNDAI,TUCSON,2009,1525,14,368
HYUNDAI,VERACRUZ,2009,1526,14,374
INFINITI,FX,2009,1527,15,154
INFINITI,G35/37,2009,1528,15,157
INFINITI,M35/45,2009,1529,15,216
INFINITI,QX56,2009,1530,15,274
JAGUAR,XF,2009,1531,17,396
JAGUAR,XJ6/8,2009,1532,17,398
JAGUAR,XK8,2009,1533,17,400
JEEP,COMMANDER,2009,1534,18,81
JEEP,COMPASS,2009,1535,18,82
JEEP,GRAND CHEROKEE,2009,1536,18,166
JEEP,LIBERTY,2009,1537,18,205
JEEP,PATRIOT,2009,1538,18,263
JEEP,WRANGLER,2009,1539,18,386
KIA,AMANTI,2009,1540,19,34
KIA,BORREGO,2009,1541,19,54
KIA,OPTIMA,2009,1542,19,253
KIA,RONDO,2009,1543,19,294
KIA,SPECTRA,2009,1544,19,334
KIA,SPORTAGE,2009,1545,19,335
LAND ROVER,LR2,2009,1546,20,206
LAND ROVER,RANGE ROVER,2009,1547,20,282
LAND ROVER,RANGE ROVER SPORT,2009,1548,20,283
LEXUS,ES350,2009,1549,21,124
LEXUS,GS350,2009,1550,21,170
LEXUS,GS450,2009,1551,21,172
LEXUS,GX460/470,2009,1552,21,176
LEXUS,IS250/350,2009,1553,21,190
LEXUS,LS430/460,2009,1554,21,210
LEXUS,RX350,2009,1555,21,300
LINCOLN,MKS,2009,1556,22,231
LINCOLN,MKX,2009,1557,22,233
LINCOLN,MKZ,2009,1558,22,234
LINCOLN,NAVIGATOR,2009,1559,22,247
LINCOLN,TOWN CAR,2009,1560,22,358
MAZDA,CX-7,2009,1561,23,99
MAZDA,CX-9,2009,1562,23,100
MAZDA,MAZDA3,2009,1563,23,224
MAZDA,MAZDA5,2009,1564,23,225
MAZDA,MAZDA6,2009,1565,23,226
MAZDA,MX-5 MIATA,2009,1566,23,246
MAZDA,RX-8,2009,1567,23,297
MAZDA,TRIBUTE,2009,1568,23,364
MERCEDES-BENZ,C CLASS,2009,1569,24,58
MERCEDES-BENZ,CL CLASS,2009,1570,24,77
MERCEDES-BENZ,CLK CLASS,2009,1571,24,78
MERCEDES-BENZ,G CLASS,2009,1572,24,155
MERCEDES-BENZ,GL CLASS,2009,1573,24,162
MERCEDES-BENZ,M CLASS,2009,1574,24,215
MERCEDES-BENZ,R CLASS,2009,1575,24,275
MERCEDES-BENZ,S CLASS,2009,1576,24,304
MERCEDES-BENZ,SL CLASS,2009,1577,24,324
MERCEDES-BENZ,SLK CLASS,2009,1578,24,325
MERCURY,GRAND MARQUIS,2009,1579,25,167
MERCURY,MARINER,2009,1580,25,219
MERCURY,MILAN,2009,1581,25,228
MITSUBISHI,LANCER,2009,1582,27,198
MITSUBISHI,OUTLANDER,2009,1583,27,255
NISSAN,370Z,2009,1584,28,8
NISSAN,ALTIMA,2009,1585,28,33
NISSAN,ARMADA,2009,1586,28,35
NISSAN,FRONTIER,2009,1587,28,152
NISSAN,GT-R,2009,1588,28,173
NISSAN,MAXIMA,2009,1589,28,222
NISSAN,MURANO,2009,1590,28,244
NISSAN,PATHFINDER,2009,1591,28,262
NISSAN,QUEST,2009,1592,28,272
NISSAN,ROGUE,2009,1593,28,293
NISSAN,TITAN,2009,1594,28,353
NISSAN,XTERRA,2009,1595,28,403
PONTIAC,G5,2009,1596,30,158
PONTIAC,G6,2009,1597,30,159
PONTIAC,G8,2009,1598,30,160
PONTIAC,SOLSTICE,2009,1599,30,327
PONTIAC,TORRENT,2009,1600,30,355
PONTIAC,VIBE,2009,1601,30,378
RAM,DAKOTA,2009,1602,32,101
RAM,RAM PICKUP,2009,1603,32,280
SAAB,9-3,2009,1604,33,21
SAAB,9-7X,2009,1605,33,23
SATURN,SKY,2009,1606,34,323
SATURN,VUE,2009,1607,34,384
SCION,tC,2009,1608,35,414
SCION,xB,2009,1609,35,416
SUBARU,FORESTER,2009,1610,36,146
SUBARU,IMPREZA,2009,1611,36,186
SUBARU,LEGACY,2009,1612,36,202
SUBARU,OUTBACK,2009,1613,36,254
SUBARU,TRIBECA,2009,1614,36,363
SUZUKI,EQUATOR,2009,1615,37,119
SUZUKI,SX4,2009,1616,37,343
SUZUKI,VITARA,2009,1617,37,381
SUZUKI,XL-7,2009,1618,37,401
TOYOTA,4RUNNER PASS,2009,1619,38,10
TOYOTA,AVALON,2009,1620,38,42
TOYOTA,CAMRY,2009,1621,38,63
TOYOTA,FJ CRUISER,2009,1622,38,142
TOYOTA,HIGHLANDER,2009,1623,38,180
TOYOTA,LAND CRUISER,2009,1624,38,199
TOYOTA,MATRIX,2009,1625,38,221
TOYOTA,PRIUS,2009,1626,38,266
TOYOTA,RAV4,2009,1627,38,285
TOYOTA,SIENNA,2009,1628,38,319
TOYOTA,TACOMA,2009,1629,38,344
TOYOTA,TUNDRA,2009,1630,38,369
TOYOTA,VENZA,2009,1631,38,373
TOYOTA,YARIS,2009,1632,38,406
VOLKSWAGEN,BEETLE II,2009,1633,39,51
VOLKSWAGEN,CC,2009,1634,39,70
VOLKSWAGEN,EOS,2009,1635,39,118
VOLKSWAGEN,GTI,2009,1636,39,174
VOLKSWAGEN,JETTA,2009,1637,39,192
VOLKSWAGEN,PASSAT,2009,1638,39,260
VOLKSWAGEN,RABBIT,2009,1639,39,277
VOLKSWAGEN,ROUTAN,2009,1640,39,295
VOLKSWAGEN,TIGUAN,2009,1641,39,352
VOLKSWAGEN,TOUAREG,2009,1642,39,356
VOLVO,30,2009,1643,40,4
VOLVO,40,2009,1644,40,9
VOLVO,50,2009,1645,40,12
VOLVO,60,2009,1646,40,14
VOLVO,70 C,2009,1647,40,17
VOLVO,70 V,2009,1648,40,18
VOLVO,80,2009,1649,40,19
VOLVO,XC70,2009,1650,40,394
VOLVO,XC90,2009,1651,40,395
ACURA,MDX,2010,1652,1,227
ACURA,RDX,2010,1653,1,286
ACURA,RL,2010,1654,1,291
ACURA,TSX,2010,1655,1,366
ACURA,ZDX,2010,1656,1,412
AUDI,A3,2010,1657,2,25
AUDI,A4,2010,1658,2,26
AUDI,TT,2010,1659,2,367
BMW,1 SERIES,2010,1660,3,1
BMW,3 SERIES,2010,1661,3,3
BMW,5 SERIES,2010,1662,3,11
BMW,6 SERIES,2010,1663,3,13
BMW,7 SERIES,2010,1664,3,16
BMW,X3,2010,1665,3,390
BMW,X5,2010,1666,3,391
BMW,X6,2010,1667,3,392
BMW,Z4,2010,1668,3,410
BUICK,ENCLAVE,2010,1669,4,114
BUICK,LACROSSE,2010,1670,4,197
BUICK,LUCERNE,2010,1671,4,212
CADILLAC,CTS,2010,1672,5,97
CADILLAC,DTS,2010,1673,5,105
CADILLAC,ESCALADE,2010,1674,5,125
CADILLAC,ESCALADE ESV,2010,1675,5,126
CADILLAC,ESCALADE EXT,2010,1676,5,127
CADILLAC,SRX,2010,1677,5,336
CADILLAC,STS,2010,1678,5,340
CHEVROLET,AVALANCHE,2010,1679,6,41
CHEVROLET,AVEO,2010,1680,6,44
CHEVROLET,CAMARO,2010,1681,6,62
CHEVROLET,COBALT,2010,1682,6,79
CHEVROLET,COLORADO,2010,1683,6,80
CHEVROLET,CORVETTE,2010,1684,6,87
CHEVROLET,EQUINOX,2010,1685,6,120
CHEVROLET,HHR,2010,1686,6,179
CHEVROLET,IMPALA,2010,1687,6,185
CHEVROLET,MALIBU,2010,1688,6,218
CHEVROLET,SILVERADO,2010,1689,6,322
CHEVROLET,SUBURBAN,2010,1690,6,341
CHEVROLET,TAHOE,2010,1691,6,345
CHEVROLET,TRAVERSE,2010,1692,6,362
CHRYSLER,300 SERIES,2010,1693,7,6
CHRYSLER,PT CRUISER,2010,1694,7,270
CHRYSLER,SEBRING SEDAN,2010,1695,7,314
CHRYSLER,TOWN & COUNTRY,2010,1696,7,357
DODGE,AVENGER,2010,1697,9,43
DODGE,CALIBER,2010,1698,9,61
DODGE,CARAVAN,2010,1699,9,65
DODGE,CHALLENGER,2010,1700,9,73
DODGE,CHARGER,2010,1701,9,74
DODGE,JOURNEY,2010,1702,9,193
DODGE,NITRO,2010,1703,9,249
FORD,EDGE,2010,1704,10,110
FORD,ESCAPE,2010,1705,10,128
FORD,EXPEDITION,2010,1706,10,133
FORD,EXPLORER,2010,1707,10,134
FORD,F SERIES,2010,1708,10,137
FORD,FLEX,2010,1709,10,143
FORD,FOCUS,2010,1710,10,144
FORD,FUSION,2010,1711,10,153
FORD,RANGER,2010,1712,10,284
FORD,TRANSIT CONNECT,2010,1713,10,361
GMC,ACADIA,2010,1714,11,28
GMC,CANYON,2010,1715,11,64
GMC,SIERRA,2010,1716,11,320
GMC,TERRAIN,2010,1717,11,348
GMC,YUKON,2010,1718,11,407
GMC,YUKON XL,2010,1719,11,408
HONDA,ACCORD,2010,1720,12,30
HONDA,CIVIC,2010,1721,12,75
HONDA,CR-V,2010,1722,12,90
HONDA,CROSSTOUR,2010,1723,12,93
HONDA,ELEMENT,2010,1724,12,113
HONDA,FIT,2010,1725,12,140
HONDA,INSIGHT,2010,1726,12,187
HONDA,ODYSSEY,2010,1727,12,252
HONDA,PILOT,2010,1728,12,265
HONDA,RIDGELINE,2010,1729,12,289
HYUNDAI,ACCENT,2010,1730,14,29
HYUNDAI,AZERA,2010,1731,14,47
HYUNDAI,ELANTRA,2010,1732,14,111
HYUNDAI,GENESIS,2010,1733,14,161
HYUNDAI,SANTA FE,2010,1734,14,310
HYUNDAI,SONATA,2010,1735,14,328
HYUNDAI,TUCSON,2010,1736,14,368
HYUNDAI,VERACRUZ,2010,1737,14,374
INFINITI,EX,2010,1738,15,132
INFINITI,FX,2010,1739,15,154
INFINITI,G35/37,2010,1740,15,157
INFINITI,M35/45,2010,1741,15,216
INFINITI,QX56,2010,1742,15,274
JAGUAR,XF,2010,1743,17,396
JAGUAR,XK8,2010,1744,17,400
JEEP,COMMANDER,2010,1745,18,81
JEEP,COMPASS,2010,1746,18,82
JEEP,GRAND CHEROKEE,2010,1747,18,166
JEEP,LIBERTY,2010,1748,18,205
JEEP,PATRIOT,2010,1749,18,263
JEEP,WRANGLER,2010,1750,18,386
KIA,FORTE,2010,1751,19,147
KIA,OPTIMA,2010,1752,19,253
KIA,RIO,2010,1753,19,290
KIA,SEDONA,2010,1754,19,315
KIA,SOUL,2010,1755,19,332
KIA,SPORTAGE,2010,1756,19,335
LAND ROVER,LR2,2010,1757,20,206
LAND ROVER,LR4,2010,1758,20,208
LAND ROVER,RANGE ROVER,2010,1759,20,282
LAND ROVER,RANGE ROVER SPORT,2010,1760,20,283
LEXUS,ES350,2010,1761,21,124
LEXUS,GS350,2010,1762,21,170
LEXUS,HS250,2010,1763,21,181
LEXUS,IS250/350,2010,1764,21,190
LEXUS,LS430/460,2010,1765,21,210
LEXUS,LX570,2010,1766,21,214
LEXUS,RX350,2010,1767,21,300
LEXUS,RX450,2010,1768,21,302
LINCOLN,MKS,2010,1769,22,231
LINCOLN,MKT,2010,1770,22,232
LINCOLN,MKX,2010,1771,22,233
LINCOLN,MKZ,2010,1772,22,234
LINCOLN,NAVIGATOR,2010,1773,22,247
LINCOLN,TOWN CAR,2010,1774,22,358
MAZDA,CX-7,2010,1775,23,99
MAZDA,CX-9,2010,1776,23,100
MAZDA,MAZDA3,2010,1777,23,224
MAZDA,MAZDA5,2010,1778,23,225
MAZDA,MAZDA6,2010,1779,23,226
MAZDA,MX-5 MIATA,2010,1780,23,246
MAZDA,RX-8,2010,1781,23,297
MAZDA,TRIBUTE,2010,1782,23,364
MERCEDES-BENZ,C CLASS,2010,1783,24,58
MERCEDES-BENZ,G CLASS,2010,1784,24,155
MERCEDES-BENZ,GL CLASS,2010,1785,24,162
MERCEDES-BENZ,GLK CLASS,2010,1786,24,163
MERCEDES-BENZ,M CLASS,2010,1787,24,215
MERCEDES-BENZ,R CLASS,2010,1788,24,275
MERCEDES-BENZ,S CLASS,2010,1789,24,304
MERCURY,GRAND MARQUIS,2010,1790,25,167
MERCURY,MARINER,2010,1791,25,219
MERCURY,MILAN,2010,1792,25,228
MERCURY,MOUNTAINEER,2010,1793,25,241
MITSUBISHI,LANCER,2010,1794,27,198
MITSUBISHI,OUTLANDER,2010,1795,27,255
NISSAN,370Z,2010,1796,28,8
NISSAN,ALTIMA,2010,1797,28,33
NISSAN,ARMADA,2010,1798,28,35
NISSAN,CUBE,2010,1799,28,98
NISSAN,FRONTIER,2010,1800,28,152
NISSAN,GT-R,2010,1801,28,173
NISSAN,MAXIMA,2010,1802,28,222
NISSAN,MURANO,2010,1803,28,244
NISSAN,PATHFINDER,2010,1804,28,262
NISSAN,ROGUE,2010,1805,28,293
NISSAN,SENTRA,2010,1806,28,316
NISSAN,TITAN,2010,1807,28,353
NISSAN,XTERRA,2010,1808,28,403
PORSCHE,911,2010,1809,31,24
PORSCHE,BOXSTER,2010,1810,31,55
PORSCHE,CAYENNE,2010,1811,31,68
PORSCHE,CAYMAN,2010,1812,31,69
PORSCHE,PANAMERA,2010,1813,31,258
RAM,DAKOTA,2010,1814,32,101
RAM,RAM PICKUP,2010,1815,32,280
SCION,tC,2010,1816,35,414
SCION,xB,2010,1817,35,416
SUBARU,FORESTER,2010,1818,36,146
SUBARU,IMPREZA,2010,1819,36,186
SUBARU,LEGACY,2010,1820,36,202
SUBARU,OUTBACK,2010,1821,36,254
SUBARU,TRIBECA,2010,1822,36,363
SUZUKI,EQUATOR,2010,1823,37,119
SUZUKI,KIZASHI,2010,1824,37,196
SUZUKI,SX4,2010,1825,37,343
SUZUKI,VITARA,2010,1826,37,381
TOYOTA,4RUNNER PASS,2010,1827,38,10
TOYOTA,AVALON,2010,1828,38,42
TOYOTA,CAMRY,2010,1829,38,63
TOYOTA,FJ CRUISER,2010,1830,38,142
TOYOTA,HIGHLANDER,2010,1831,38,180
TOYOTA,LAND CRUISER,2010,1832,38,199
TOYOTA,MATRIX,2010,1833,38,221
TOYOTA,PRIUS,2010,1834,38,266
TOYOTA,SEQUOIA,2010,1835,38,317
TOYOTA,SIENNA,2010,1836,38,319
TOYOTA,TACOMA,2010,1837,38,344
TOYOTA,TUNDRA,2010,1838,38,369
TOYOTA,VENZA,2010,1839,38,373
TOYOTA,YARIS,2010,1840,38,406
VOLKSWAGEN,BEETLE II,2010,1841,39,51
VOLKSWAGEN,CC,2010,1842,39,70
VOLKSWAGEN,EOS,2010,1843,39,118
VOLKSWAGEN,GOLF,2010,1844,39,164
VOLKSWAGEN,JETTA,2010,1845,39,192
VOLKSWAGEN,PASSAT,2010,1846,39,260
VOLKSWAGEN,ROUTAN,2010,1847,39,295
VOLKSWAGEN,TIGUAN,2010,1848,39,352
VOLKSWAGEN,TOUAREG,2010,1849,39,356
VOLVO,30,2010,1850,40,4
VOLVO,40,2010,1851,40,9
VOLVO,70 V,2010,1852,40,18
VOLVO,80,2010,1853,40,19
VOLVO,XC60,2010,1854,40,393
VOLVO,XC70,2010,1855,40,394
VOLVO,XC90,2010,1856,40,395
ACURA,MDX,2011,1857,1,227
ACURA,RL,2011,1858,1,291
ACURA,TL,2011,1859,1,354
ACURA,TSX,2011,1860,1,366
ACURA,ZDX,2011,1861,1,412
AUDI,A3,2011,1862,2,25
AUDI,A4,2011,1863,2,26
BMW,1 SERIES,2011,1864,3,1
BMW,3 SERIES,2011,1865,3,3
BMW,5 SERIES,2011,1866,3,11
BMW,7 SERIES,2011,1867,3,16
BMW,X5,2011,1868,3,391
BMW,Z4,2011,1869,3,410
BUICK,ENCLAVE,2011,1870,4,114
BUICK,LACROSSE,2011,1871,4,197
BUICK,REGAL,2011,1872,4,287
CADILLAC,CTS,2011,1873,5,97
CADILLAC,ESCALADE,2011,1874,5,125
CADILLAC,SRX,2011,1875,5,336
CHEVROLET,AVEO,2011,1876,6,44
CHEVROLET,CAMARO,2011,1877,6,62
CHEVROLET,COLORADO,2011,1878,6,80
CHEVROLET,CORVETTE,2011,1879,6,87
CHEVROLET,EQUINOX,2011,1880,6,120
CHEVROLET,EXPRESS PASS,2011,1881,6,136
CHEVROLET,HHR,2011,1882,6,179
CHEVROLET,IMPALA,2011,1883,6,185
CHEVROLET,MALIBU,2011,1884,6,218
CHEVROLET,SILVERADO,2011,1885,6,322
CHEVROLET,SUBURBAN,2011,1886,6,341
CHEVROLET,TAHOE,2011,1887,6,345
CHEVROLET,TRAVERSE,2011,1888,6,362
CHRYSLER,200 SERIES,2011,1889,7,2
CHRYSLER,300 SERIES,2011,1890,7,6
DODGE,AVENGER,2011,1891,9,43
DODGE,CALIBER,2011,1892,9,61
DODGE,CARAVAN,2011,1893,9,65
DODGE,DURANGO,2011,1894,9,106
DODGE,JOURNEY,2011,1895,9,193
FORD,EDGE,2011,1896,10,110
FORD,ESCAPE,2011,1897,10,128
FORD,EXPEDITION,2011,1898,10,133
FORD,F SERIES,2011,1899,10,137
FORD,FIESTA,2011,1900,10,138
FORD,FLEX,2011,1901,10,143
FORD,FOCUS,2011,1902,10,144
FORD,FUSION,2011,1903,10,153
FORD,MUSTANG,2011,1904,10,245
FORD,TAURUS,2011,1905,10,346
GMC,ACADIA,2011,1906,11,28
GMC,SIERRA,2011,1907,11,320
GMC,TERRAIN,2011,1908,11,348
HONDA,ACCORD,2011,1909,12,30
HONDA,CIVIC,2011,1910,12,75
HONDA,CR-V,2011,1911,12,90
HONDA,CR-Z,2011,1912,12,91
HONDA,CROSSTOUR,2011,1913,12,93
HONDA,ELEMENT,2011,1914,12,113
HONDA,FIT,2011,1915,12,140
HONDA,INSIGHT,2011,1916,12,187
HONDA,ODYSSEY,2011,1917,12,252
HONDA,PILOT,2011,1918,12,265
HONDA,RIDGELINE,2011,1919,12,289
HYUNDAI,ELANTRA,2011,1920,14,111
HYUNDAI,EQUUS,2011,1921,14,121
HYUNDAI,GENESIS,2011,1922,14,161
HYUNDAI,SANTA FE,2011,1923,14,310
HYUNDAI,SONATA,2011,1924,14,328
HYUNDAI,VERACRUZ,2011,1925,14,374
INFINITI,EX,2011,1926,15,132
INFINITI,FX,2011,1927,15,154
INFINITI,G35/37,2011,1928,15,157
INFINITI,M35/45,2011,1929,15,216
INFINITI,QX56,2011,1930,15,274
JAGUAR,XF,2011,1931,17,396
JAGUAR,XJ6/8,2011,1932,17,398
JEEP,COMPASS,2011,1933,18,82
JEEP,GRAND CHEROKEE,2011,1934,18,166
JEEP,LIBERTY,2011,1935,18,205
JEEP,PATRIOT,2011,1936,18,263
JEEP,WRANGLER,2011,1937,18,386
KIA,FORTE,2011,1938,19,147
KIA,OPTIMA,2011,1939,19,253
KIA,RIO,2011,1940,19,290
KIA,SEDONA,2011,1941,19,315
KIA,SORENTO,2011,1942,19,331
KIA,SOUL,2011,1943,19,332
KIA,SPORTAGE,2011,1944,19,335
LAND ROVER,LR4,2011,1945,20,208
LAND ROVER,RANGE ROVER,2011,1946,20,282
LAND ROVER,RANGE ROVER SPORT,2011,1947,20,283
LEXUS,CT200,2011,1948,21,96
LEXUS,ES350,2011,1949,21,124
LEXUS,GX460/470,2011,1950,21,176
LEXUS,IS250/350,2011,1951,21,190
LEXUS,LS430/460,2011,1952,21,210
LEXUS,LX570,2011,1953,21,214
LEXUS,RX350,2011,1954,21,300
LEXUS,RX450,2011,1955,21,302
LINCOLN,MKS,2011,1956,22,231
LINCOLN,MKT,2011,1957,22,232
LINCOLN,MKZ,2011,1958,22,234
LINCOLN,NAVIGATOR,2011,1959,22,247
MAZDA,CX-7,2011,1960,23,99
MAZDA,CX-9,2011,1961,23,100
MAZDA,MAZDA2,2011,1962,23,223
MAZDA,MAZDA3,2011,1963,23,224
MAZDA,MAZDA6,2011,1964,23,226
MAZDA,MX-5 MIATA,2011,1965,23,246
MAZDA,RX-8,2011,1966,23,297
MERCEDES-BENZ,C CLASS,2011,1967,24,58
MERCEDES-BENZ,E CLASS,2011,1968,24,107
MERCEDES-BENZ,G CLASS,2011,1969,24,155
MERCEDES-BENZ,GL CLASS,2011,1970,24,162
MERCEDES-BENZ,GLK CLASS,2011,1971,24,163
MERCEDES-BENZ,M CLASS,2011,1972,24,215
MERCEDES-BENZ,R CLASS,2011,1973,24,275
MERCEDES-BENZ,S CLASS,2011,1974,24,304
MERCEDES-BENZ,SLK CLASS,2011,1975,24,325
MINI,COOPER,2011,1976,26,85
MINI,COUNTRYMAN,2011,1977,26,89
MITSUBISHI,LANCER,2011,1978,27,198
MITSUBISHI,OUTLANDER,2011,1979,27,255
MITSUBISHI,OUTLANDER SPORT,2011,1980,27,256
NISSAN,ALTIMA,2011,1981,28,33
NISSAN,ARMADA,2011,1982,28,35
NISSAN,CUBE,2011,1983,28,98
NISSAN,FRONTIER,2011,1984,28,152
NISSAN,JUKE,2011,1985,28,194
NISSAN,MAXIMA,2011,1986,28,222
NISSAN,MURANO,2011,1987,28,244
NISSAN,PATHFINDER,2011,1988,28,262
NISSAN,QUEST,2011,1989,28,272
NISSAN,ROGUE,2011,1990,28,293
NISSAN,SENTRA,2011,1991,28,316
NISSAN,TITAN,2011,1992,28,353
NISSAN,VERSA,2011,1993,28,377
NISSAN,XTERRA,2011,1994,28,403
PORSCHE,911,2011,1995,31,24
PORSCHE,CAYENNE,2011,1996,31,68
PORSCHE,CAYMAN,2011,1997,31,69
PORSCHE,PANAMERA,2011,1998,31,258
RAM,DAKOTA,2011,1999,32,101
RAM,RAM PICKUP,2011,2000,32,280
SCION,tC,2011,2001,35,414
SCION,xB,2011,2002,35,416
SUBARU,FORESTER,2011,2003,36,146
SUBARU,IMPREZA,2011,2004,36,186
SUBARU,LEGACY,2011,2005,36,202
SUBARU,TRIBECA,2011,2006,36,363
SUBARU,WRX,2011,2007,36,387
SUZUKI,EQUATOR,2011,2008,37,119
SUZUKI,SX4,2011,2009,37,343
SUZUKI,VITARA,2011,2010,37,381
TOYOTA,4RUNNER PASS,2011,2011,38,10
TOYOTA,AVALON,2011,2012,38,42
TOYOTA,CAMRY,2011,2013,38,63
TOYOTA,COROLLA,2011,2014,38,86
TOYOTA,FJ CRUISER,2011,2015,38,142
TOYOTA,HIGHLANDER,2011,2016,38,180
TOYOTA,LAND CRUISER,2011,2017,38,199
TOYOTA,MATRIX,2011,2018,38,221
TOYOTA,PRIUS,2011,2019,38,266
TOYOTA,RAV4,2011,2020,38,285
TOYOTA,SEQUOIA,2011,2021,38,317
TOYOTA,SIENNA,2011,2022,38,319
TOYOTA,TACOMA,2011,2023,38,344
TOYOTA,TUNDRA,2011,2024,38,369
TOYOTA,VENZA,2011,2025,38,373
TOYOTA,YARIS,2011,2026,38,406
VOLKSWAGEN,CC,2011,2027,39,70
VOLKSWAGEN,GOLF,2011,2028,39,164
VOLKSWAGEN,GTI,2011,2029,39,174
VOLKSWAGEN,JETTA,2011,2030,39,192
VOLKSWAGEN,ROUTAN,2011,2031,39,295
VOLKSWAGEN,TIGUAN,2011,2032,39,352
VOLKSWAGEN,TOUAREG,2011,2033,39,356
VOLVO,50,2011,2034,40,12
VOLVO,60,2011,2035,40,14
VOLVO,70 C,2011,2036,40,17
VOLVO,80,2011,2037,40,19
VOLVO,XC60,2011,2038,40,393
VOLVO,XC70,2011,2039,40,394
VOLVO,XC90,2011,2040,40,395
ACURA,MDX,2012,2041,1,227
ACURA,RDX,2012,2042,1,286
ACURA,RL,2012,2043,1,291
ACURA,TL,2012,2044,1,354
ACURA,TSX,2012,2045,1,366
ACURA,ZDX,2012,2046,1,412
AUDI,A4,2012,2047,2,26
AUDI,A6,2012,2048,2,27
AUDI,TT,2012,2049,2,367
BMW,1 SERIES,2012,2050,3,1
BMW,5 SERIES,2012,2051,3,11
BMW,6 SERIES,2012,2052,3,13
BMW,7 SERIES,2012,2053,3,16
BMW,X3,2012,2054,3,390
BMW,X5,2012,2055,3,391
BMW,X6,2012,2056,3,392
BUICK,ENCLAVE,2012,2057,4,114
BUICK,LACROSSE,2012,2058,4,197
BUICK,REGAL,2012,2059,4,287
BUICK,VERANO,2012,2060,4,375
CADILLAC,CTS,2012,2061,5,97
CADILLAC,ESCALADE,2012,2062,5,125
CADILLAC,SRX,2012,2063,5,336
CHEVROLET,COLORADO,2012,2064,6,80
CHEVROLET,CORVETTE,2012,2065,6,87
CHEVROLET,CRUZE,2012,2066,6,95
CHEVROLET,EQUINOX,2012,2067,6,120
CHEVROLET,IMPALA,2012,2068,6,185
CHEVROLET,MALIBU,2012,2069,6,218
CHEVROLET,SILVERADO,2012,2070,6,322
CHEVROLET,TRAVERSE,2012,2071,6,362
CHRYSLER,200 SERIES,2012,2072,7,2
CHRYSLER,300 SERIES,2012,2073,7,6
CHRYSLER,TOWN & COUNTRY,2012,2074,7,357
DODGE,AVENGER,2012,2075,9,43
DODGE,CALIBER,2012,2076,9,61
DODGE,CARAVAN,2012,2077,9,65
DODGE,CHALLENGER,2012,2078,9,73
DODGE,CHARGER,2012,2079,9,74
DODGE,DURANGO,2012,2080,9,106
DODGE,JOURNEY,2012,2081,9,193
FORD,ESCAPE,2012,2082,10,128
FORD,EXPLORER,2012,2083,10,134
FORD,F SERIES,2012,2084,10,137
FORD,FIESTA,2012,2085,10,138
FORD,FLEX,2012,2086,10,143
FORD,FOCUS,2012,2087,10,144
FORD,FUSION,2012,2088,10,153
FORD,MUSTANG,2012,2089,10,245
FORD,TAURUS,2012,2090,10,346
GMC,ACADIA,2012,2091,11,28
GMC,SIERRA,2012,2092,11,320
GMC,YUKON XL,2012,2093,11,408
HONDA,ACCORD,2012,2094,12,30
HONDA,CIVIC,2012,2095,12,75
HONDA,CR-V,2012,2096,12,90
HONDA,CR-Z,2012,2097,12,91
HONDA,FIT,2012,2098,12,140
HONDA,INSIGHT,2012,2099,12,187
HONDA,ODYSSEY,2012,2100,12,252
HONDA,PILOT,2012,2101,12,265
HONDA,RIDGELINE,2012,2102,12,289
HYUNDAI,ACCENT,2012,2103,14,29
HYUNDAI,ELANTRA,2012,2104,14,111
HYUNDAI,EQUUS,2012,2105,14,121
HYUNDAI,GENESIS,2012,2106,14,161
HYUNDAI,SANTA FE,2012,2107,14,310
HYUNDAI,SONATA,2012,2108,14,328
HYUNDAI,TUCSON,2012,2109,14,368
HYUNDAI,VELOSTER,2012,2110,14,371
INFINITI,FX,2012,2111,15,154
INFINITI,G35/37,2012,2112,15,157
INFINITI,QX56,2012,2113,15,274
JEEP,COMPASS,2012,2114,18,82
JEEP,GRAND CHEROKEE,2012,2115,18,166
JEEP,LIBERTY,2012,2116,18,205
JEEP,PATRIOT,2012,2117,18,263
JEEP,WRANGLER,2012,2118,18,386
KIA,FORTE,2012,2119,19,147
KIA,OPTIMA,2012,2120,19,253
KIA,SEDONA,2012,2121,19,315
KIA,SORENTO,2012,2122,19,331
KIA,SOUL,2012,2123,19,332
KIA,SPORTAGE,2012,2124,19,335
LAND ROVER,RANGE ROVER,2012,2125,20,282
LAND ROVER,RANGE ROVER SPORT,2012,2126,20,283
LEXUS,CT200,2012,2127,21,96
LEXUS,ES350,2012,2128,21,124
LEXUS,IS250/350,2012,2129,21,190
LEXUS,LS430/460,2012,2130,21,210
LEXUS,RX350,2012,2131,21,300
LEXUS,RX450,2012,2132,21,302
LINCOLN,MKS,2012,2133,22,231
LINCOLN,MKT,2012,2134,22,232
LINCOLN,MKX,2012,2135,22,233
LINCOLN,MKZ,2012,2136,22,234
LINCOLN,NAVIGATOR,2012,2137,22,247
MAZDA,CX-7,2012,2138,23,99
MAZDA,CX-9,2012,2139,23,100
MAZDA,MAZDA2,2012,2140,23,223
MAZDA,MAZDA3,2012,2141,23,224
MAZDA,MAZDA5,2012,2142,23,225
MAZDA,MAZDA6,2012,2143,23,226
MAZDA,MX-5 MIATA,2012,2144,23,246
MERCEDES-BENZ,C CLASS,2012,2145,24,58
MERCEDES-BENZ,CL CLASS,2012,2146,24,77
MERCEDES-BENZ,E CLASS,2012,2147,24,107
MERCEDES-BENZ,GLK CLASS,2012,2148,24,163
MERCEDES-BENZ,M CLASS,2012,2149,24,215
MERCEDES-BENZ,R CLASS,2012,2150,24,275
MERCEDES-BENZ,S CLASS,2012,2151,24,304
MERCEDES-BENZ,SLK CLASS,2012,2152,24,325
MERCEDES-BENZ,SLS CLASS,2012,2153,24,326
MINI,COOPER,2012,2154,26,85
MINI,COUNTRYMAN,2012,2155,26,89
MITSUBISHI,I,2012,2156,27,182
MITSUBISHI,LANCER,2012,2157,27,198
MITSUBISHI,OUTLANDER,2012,2158,27,255
MITSUBISHI,OUTLANDER SPORT,2012,2159,27,256
NISSAN,370Z,2012,2160,28,8
NISSAN,ALTIMA,2012,2161,28,33
NISSAN,ARMADA,2012,2162,28,35
NISSAN,CUBE,2012,2163,28,98
NISSAN,FRONTIER,2012,2164,28,152
NISSAN,JUKE,2012,2165,28,194
NISSAN,LEAF,2012,2166,28,201
NISSAN,MAXIMA,2012,2167,28,222
NISSAN,MURANO,2012,2168,28,244
NISSAN,PATHFINDER,2012,2169,28,262
NISSAN,QUEST,2012,2170,28,272
NISSAN,ROGUE,2012,2171,28,293
NISSAN,TITAN,2012,2172,28,353
NISSAN,VERSA,2012,2173,28,377
NISSAN,XTERRA,2012,2174,28,403
PORSCHE,911,2012,2175,31,24
PORSCHE,CAYENNE,2012,2176,31,68
PORSCHE,PANAMERA,2012,2177,31,258
SCION,tC,2012,2178,35,414
SCION,xB,2012,2179,35,416
SUBARU,FORESTER,2012,2180,36,146
SUBARU,IMPREZA,2012,2181,36,186
SUBARU,LEGACY,2012,2182,36,202
SUBARU,OUTBACK,2012,2183,36,254
SUBARU,TRIBECA,2012,2184,36,363
SUBARU,WRX,2012,2185,36,387
SUZUKI,EQUATOR,2012,2186,37,119
SUZUKI,SX4,2012,2187,37,343
SUZUKI,VITARA,2012,2188,37,381
TOYOTA,4RUNNER PASS,2012,2189,38,10
TOYOTA,AVALON,2012,2190,38,42
TOYOTA,CAMRY,2012,2191,38,63
TOYOTA,COROLLA,2012,2192,38,86
TOYOTA,FJ CRUISER,2012,2193,38,142
TOYOTA,HIGHLANDER,2012,2194,38,180
TOYOTA,MATRIX,2012,2195,38,221
TOYOTA,PRIUS,2012,2196,38,266
TOYOTA,RAV4,2012,2197,38,285
TOYOTA,SIENNA,2012,2198,38,319
TOYOTA,TACOMA,2012,2199,38,344
TOYOTA,TUNDRA,2012,2200,38,369
TOYOTA,VENZA,2012,2201,38,373
TOYOTA,YARIS,2012,2202,38,406
VOLKSWAGEN,BEETLE II,2012,2203,39,51
VOLKSWAGEN,CC,2012,2204,39,70
VOLKSWAGEN,EOS,2012,2205,39,118
VOLKSWAGEN,GOLF,2012,2206,39,164
VOLKSWAGEN,GTI,2012,2207,39,174
VOLKSWAGEN,JETTA,2012,2208,39,192
VOLKSWAGEN,PASSAT,2012,2209,39,260
VOLKSWAGEN,ROUTAN,2012,2210,39,295
VOLKSWAGEN,TIGUAN,2012,2211,39,352
VOLKSWAGEN,TOUAREG,2012,2212,39,356
VOLVO,30,2012,2213,40,4
VOLVO,60,2012,2214,40,14
VOLVO,80,2012,2215,40,19
VOLVO,XC60,2012,2216,40,393
VOLVO,XC70,2012,2217,40,394
VOLVO,XC90,2012,2218,40,395
ACURA,ILX,2013,2219,1,184
ACURA,MDX,2013,2220,1,227
ACURA,RDX,2013,2221,1,286
ACURA,TL,2013,2222,1,354
ACURA,TSX,2013,2223,1,366
AUDI,A3,2013,2224,2,25
AUDI,A4,2013,2225,2,26
AUDI,TT,2013,2226,2,367
BMW,1 SERIES,2013,2227,3,1
BMW,3 SERIES,2013,2228,3,3
BMW,5 SERIES,2013,2229,3,11
BMW,6 SERIES,2013,2230,3,13
BMW,7 SERIES,2013,2231,3,16
BMW,X1,2013,2232,3,389
BMW,X3,2013,2233,3,390
BMW,X5,2013,2234,3,391
BUICK,ENCLAVE,2013,2235,4,114
BUICK,ENCORE,2013,2236,4,115
BUICK,LACROSSE,2013,2237,4,197
BUICK,VERANO,2013,2238,4,375
CADILLAC,ATS,2013,2239,5,39
CADILLAC,CTS,2013,2240,5,97
CADILLAC,SRX,2013,2241,5,336
CADILLAC,XTS,2013,2242,5,404
CHEVROLET,AVALANCHE,2013,2243,6,41
CHEVROLET,CAMARO,2013,2244,6,62
CHEVROLET,CRUZE,2013,2245,6,95
CHEVROLET,EQUINOX,2013,2246,6,120
CHEVROLET,EXPRESS CARGO,2013,2247,6,135
CHEVROLET,IMPALA,2013,2248,6,185
CHEVROLET,MALIBU,2013,2249,6,218
CHEVROLET,SILVERADO,2013,2250,6,322
CHEVROLET,SONIC,2013,2251,6,329
CHEVROLET,SPARK,2013,2252,6,333
CHEVROLET,SUBURBAN,2013,2253,6,341
CHEVROLET,TAHOE,2013,2254,6,345
CHEVROLET,TRAVERSE,2013,2255,6,362
CHEVROLET,VOLT,2013,2256,6,382
CHRYSLER,200 SERIES,2013,2257,7,2
CHRYSLER,300 SERIES,2013,2258,7,6
CHRYSLER,TOWN & COUNTRY,2013,2259,7,357
DODGE,AVENGER,2013,2260,9,43
DODGE,CARAVAN,2013,2261,9,65
DODGE,CHALLENGER,2013,2262,9,73
DODGE,CHARGER,2013,2263,9,74
DODGE,DART,2013,2264,9,102
DODGE,DURANGO,2013,2265,9,106
DODGE,JOURNEY,2013,2266,9,193
FORD,C-MAX,2013,2267,10,59
FORD,EDGE,2013,2268,10,110
FORD,EXPLORER,2013,2269,10,134
FORD,F SERIES,2013,2270,10,137
FORD,FIESTA,2013,2271,10,138
FORD,FLEX,2013,2272,10,143
FORD,FOCUS,2013,2273,10,144
FORD,FUSION,2013,2274,10,153
FORD,MUSTANG,2013,2275,10,245
FORD,TAURUS,2013,2276,10,346
GMC,ACADIA,2013,2277,11,28
GMC,SIERRA,2013,2278,11,320
GMC,TERRAIN,2013,2279,11,348
HONDA,ACCORD,2013,2280,12,30
HONDA,CIVIC,2013,2281,12,75
HONDA,CR-V,2013,2282,12,90
HONDA,CR-Z,2013,2283,12,91
HONDA,CROSSTOUR,2013,2284,12,93
HONDA,FIT,2013,2285,12,140
HONDA,INSIGHT,2013,2286,12,187
HONDA,ODYSSEY,2013,2287,12,252
HONDA,PILOT,2013,2288,12,265
HONDA,RIDGELINE,2013,2289,12,289
HYUNDAI,ACCENT,2013,2290,14,29
HYUNDAI,AZERA,2013,2291,14,47
HYUNDAI,ELANTRA,2013,2292,14,111
HYUNDAI,EQUUS,2013,2293,14,121
HYUNDAI,GENESIS,2013,2294,14,161
HYUNDAI,SANTA FE,2013,2295,14,310
HYUNDAI,SONATA,2013,2296,14,328
HYUNDAI,TUCSON,2013,2297,14,368
HYUNDAI,VELOSTER,2013,2298,14,371
INFINITI,FX,2013,2299,15,154
INFINITI,G35/37,2013,2300,15,157
INFINITI,JX,2013,2301,15,195
INFINITI,M35/45,2013,2302,15,216
INFINITI,QX56,2013,2303,15,274
JAGUAR,XF,2013,2304,17,396
JAGUAR,XJ6/8,2013,2305,17,398
JEEP,GRAND CHEROKEE,2013,2306,18,166
JEEP,PATRIOT,2013,2307,18,263
JEEP,WRANGLER,2013,2308,18,386
KIA,FORTE,2013,2309,19,147
KIA,OPTIMA,2013,2310,19,253
KIA,SORENTO,2013,2311,19,331
KIA,SOUL,2013,2312,19,332
KIA,SPORTAGE,2013,2313,19,335
LEXUS,CT200,2013,2314,21,96
LEXUS,ES300,2013,2315,21,122
LEXUS,ES350,2013,2316,21,124
LEXUS,GS350,2013,2317,21,170
LEXUS,GS450,2013,2318,21,172
LEXUS,LS430/460,2013,2319,21,210
LEXUS,LX570,2013,2320,21,214
LEXUS,RX350,2013,2321,21,300
LEXUS,RX450,2013,2322,21,302
LINCOLN,MKS,2013,2323,22,231
LINCOLN,MKX,2013,2324,22,233
MAZDA,CX-9,2013,2325,23,100
MAZDA,MAZDA2,2013,2326,23,223
MAZDA,MAZDA3,2013,2327,23,224
MAZDA,MAZDA5,2013,2328,23,225
MAZDA,MX-5 MIATA,2013,2329,23,246
MERCEDES-BENZ,C CLASS,2013,2330,24,58
MERCEDES-BENZ,E CLASS,2013,2331,24,107
MERCEDES-BENZ,GL CLASS,2013,2332,24,162
MERCEDES-BENZ,GLK CLASS,2013,2333,24,163
MERCEDES-BENZ,M CLASS,2013,2334,24,215
MERCEDES-BENZ,S CLASS,2013,2335,24,304
MINI,COOPER,2013,2336,26,85
MINI,COUNTRYMAN,2013,2337,26,89
NISSAN,ALTIMA,2013,2338,28,33
NISSAN,FRONTIER,2013,2339,28,152
NISSAN,JUKE,2013,2340,28,194
NISSAN,LEAF,2013,2341,28,201
NISSAN,MAXIMA,2013,2342,28,222
NISSAN,MURANO,2013,2343,28,244
NISSAN,PATHFINDER,2013,2344,28,262
NISSAN,QUEST,2013,2345,28,272
NISSAN,ROGUE,2013,2346,28,293
NISSAN,SENTRA,2013,2347,28,316
NISSAN,VERSA,2013,2348,28,377
NISSAN,XTERRA,2013,2349,28,403
PORSCHE,BOXSTER,2013,2350,31,55
PORSCHE,CAYENNE,2013,2351,31,68
PORSCHE,PANAMERA,2013,2352,31,258
SCION,FR-S,2013,2353,35,148
SCION,tC,2013,2354,35,414
SCION,xB,2013,2355,35,416
SUBARU,BRZ,2013,2356,36,57
SUBARU,FORESTER,2013,2357,36,146
SUBARU,LEGACY,2013,2358,36,202
SUBARU,OUTBACK,2013,2359,36,254
SUBARU,WRX,2013,2360,36,387
SUBARU,XV CROSSTREK,2013,2361,36,405
TOYOTA,4RUNNER PASS,2013,2362,38,10
TOYOTA,AVALON,2013,2363,38,42
TOYOTA,CAMRY,2013,2364,38,63
TOYOTA,COROLLA,2013,2365,38,86
TOYOTA,FJ CRUISER,2013,2366,38,142
TOYOTA,HIGHLANDER,2013,2367,38,180
TOYOTA,LAND CRUISER,2013,2368,38,199
TOYOTA,MATRIX,2013,2369,38,221
TOYOTA,PRIUS,2013,2370,38,266
TOYOTA,PRIUS C,2013,2371,38,267
TOYOTA,RAV4,2013,2372,38,285
TOYOTA,SEQUOIA,2013,2373,38,317
TOYOTA,SIENNA,2013,2374,38,319
TOYOTA,TACOMA,2013,2375,38,344
TOYOTA,TUNDRA,2013,2376,38,369
TOYOTA,VENZA,2013,2377,38,373
TOYOTA,YARIS,2013,2378,38,406
VOLKSWAGEN,BEETLE II,2013,2379,39,51
VOLKSWAGEN,CC,2013,2380,39,70
VOLKSWAGEN,GOLF,2013,2381,39,164
VOLKSWAGEN,GTI,2013,2382,39,174
VOLKSWAGEN,JETTA,2013,2383,39,192
VOLKSWAGEN,PASSAT,2013,2384,39,260
VOLKSWAGEN,TIGUAN,2013,2385,39,352
VOLKSWAGEN,TOUAREG,2013,2386,39,356
VOLVO,30,2013,2387,40,4
VOLVO,60,2013,2388,40,14
VOLVO,XC60,2013,2389,40,393
VOLVO,XC70,2013,2390,40,394
VOLVO,XC90,2013,2391,40,395
