brand,model_fromsales,year,model_id,brand_id,yb_id,ybm_id
ACURA,CL,2002,1,1,1,1
ACURA,CL,2003,1,1,2,194
ACURA,ILX,2013,2,1,12,2219
ACURA,MDX,2002,3,1,1,2
ACURA,MDX,2003,3,1,2,195
ACURA,MDX,2004,3,1,3,379
ACURA,MDX,2005,3,1,4,590
ACURA,MDX,2006,3,1,5,799
ACURA,MDX,2007,3,1,6,1009
ACURA,MDX,2008,3,1,7,1222
ACURA,MDX,2009,3,1,8,1443
ACURA,MDX,2010,3,1,9,1652
ACURA,MDX,2011,3,1,10,1857
ACURA,MDX,2012,3,1,11,2041
ACURA,MDX,2013,3,1,12,2220
ACURA,NSX,2002,4,1,1,3
ACURA,NSX,2003,4,1,2,196
ACURA,NSX,2004,4,1,3,380
ACURA,NSX,2005,4,1,4,591
ACURA,RDX,2008,5,1,7,1223
ACURA,RDX,2009,5,1,8,1444
ACURA,RDX,2010,5,1,9,1653
ACURA,RDX,2012,5,1,11,2042
ACURA,RDX,2013,5,1,12,2221
ACURA,RL,2002,6,1,1,4
ACURA,RL,2003,6,1,2,197
ACURA,RL,2004,6,1,3,381
ACURA,RL,2005,6,1,4,592
ACURA,RL,2006,6,1,5,800
ACURA,RL,2007,6,1,6,1010
ACURA,RL,2008,6,1,7,1224
ACURA,RL,2009,6,1,8,1445
ACURA,RL,2010,6,1,9,1654
ACURA,RL,2011,6,1,10,1858
ACURA,RL,2012,6,1,11,2043
ACURA,RSX,2002,7,1,1,5
ACURA,RSX,2003,7,1,2,198
ACURA,RSX,2004,7,1,3,382
ACURA,RSX,2005,7,1,4,593
ACURA,RSX,2006,7,1,5,801
ACURA,TL,2002,8,1,1,6
ACURA,TL,2003,8,1,2,199
ACURA,TL,2005,8,1,4,594
ACURA,TL,2006,8,1,5,802
ACURA,TL,2007,8,1,6,1011
ACURA,TL,2008,8,1,7,1225
ACURA,TL,2009,8,1,8,1446
ACURA,TL,2011,8,1,10,1859
ACURA,TL,2012,8,1,11,2044
ACURA,TL,2013,8,1,12,2222
ACURA,TSX,2004,9,1,3,383
ACURA,TSX,2005,9,1,4,595
ACURA,TSX,2006,9,1,5,803
ACURA,TSX,2008,9,1,7,1226
ACURA,TSX,2009,9,1,8,1447
ACURA,TSX,2010,9,1,9,1655
ACURA,TSX,2011,9,1,10,1860
ACURA,TSX,2012,9,1,11,2045
ACURA,TSX,2013,9,1,12,2223
ACURA,ZDX,2010,10,1,9,1656
ACURA,ZDX,2011,10,1,10,1861
ACURA,ZDX,2012,10,1,11,2046
AUDI,A3,2006,11,2,17,804
AUDI,A3,2007,11,2,18,1012
AUDI,A3,2009,11,2,20,1448
AUDI,A3,2010,11,2,21,1657
AUDI,A3,2011,11,2,22,1862
AUDI,A3,2013,11,2,24,2224
AUDI,A4,2002,12,2,13,7
AUDI,A4,2003,12,2,14,200
AUDI,A4,2004,12,2,15,384
AUDI,A4,2005,12,2,16,596
AUDI,A4,2006,12,2,17,805
AUDI,A4,2008,12,2,19,1227
AUDI,A4,2009,12,2,20,1449
AUDI,A4,2010,12,2,21,1658
AUDI,A4,2011,12,2,22,1863
AUDI,A4,2012,12,2,23,2047
AUDI,A4,2013,12,2,24,2225
AUDI,A6,2002,13,2,13,8
AUDI,A6,2003,13,2,14,201
AUDI,A6,2004,13,2,15,385
AUDI,A6,2006,13,2,17,806
AUDI,A6,2007,13,2,18,1013
AUDI,A6,2008,13,2,19,1228
AUDI,A6,2012,13,2,23,2048
AUDI,TT,2002,14,2,13,9
AUDI,TT,2003,14,2,14,202
AUDI,TT,2004,14,2,15,386
AUDI,TT,2005,14,2,16,597
AUDI,TT,2006,14,2,17,807
AUDI,TT,2008,14,2,19,1229
AUDI,TT,2009,14,2,20,1450
AUDI,TT,2010,14,2,21,1659
AUDI,TT,2012,14,2,23,2049
AUDI,TT,2013,14,2,24,2226
BMW,1 SERIES,2010,15,3,33,1660
BMW,1 SERIES,2011,15,3,34,1864
BMW,1 SERIES,2012,15,3,35,2050
BMW,1 SERIES,2013,15,3,36,2227
BMW,3 SERIES,2002,16,3,25,10
BMW,3 SERIES,2003,16,3,26,203
BMW,3 SERIES,2004,16,3,27,387
BMW,3 SERIES,2005,16,3,28,598
BMW,3 SERIES,2006,16,3,29,808
BMW,3 SERIES,2007,16,3,30,1014
BMW,3 SERIES,2008,16,3,31,1230
BMW,3 SERIES,2009,16,3,32,1451
BMW,3 SERIES,2010,16,3,33,1661
BMW,3 SERIES,2011,16,3,34,1865
BMW,3 SERIES,2013,16,3,36,2228
BMW,5 SERIES,2002,17,3,25,11
BMW,5 SERIES,2003,17,3,26,204
BMW,5 SERIES,2004,17,3,27,388
BMW,5 SERIES,2005,17,3,28,599
BMW,5 SERIES,2006,17,3,29,809
BMW,5 SERIES,2007,17,3,30,1015
BMW,5 SERIES,2008,17,3,31,1231
BMW,5 SERIES,2009,17,3,32,1452
BMW,5 SERIES,2010,17,3,33,1662
BMW,5 SERIES,2011,17,3,34,1866
BMW,5 SERIES,2012,17,3,35,2051
BMW,5 SERIES,2013,17,3,36,2229
BMW,6 SERIES,2005,18,3,28,600
BMW,6 SERIES,2006,18,3,29,810
BMW,6 SERIES,2008,18,3,31,1232
BMW,6 SERIES,2010,18,3,33,1663
BMW,6 SERIES,2012,18,3,35,2052
BMW,6 SERIES,2013,18,3,36,2230
BMW,7 SERIES,2002,19,3,25,12
BMW,7 SERIES,2003,19,3,26,205
BMW,7 SERIES,2005,19,3,28,601
BMW,7 SERIES,2006,19,3,29,811
BMW,7 SERIES,2007,19,3,30,1016
BMW,7 SERIES,2008,19,3,31,1233
BMW,7 SERIES,2010,19,3,33,1664
BMW,7 SERIES,2011,19,3,34,1867
BMW,7 SERIES,2012,19,3,35,2053
BMW,7 SERIES,2013,19,3,36,2231
BMW,X1,2013,20,3,36,2232
BMW,X3,2004,21,3,27,389
BMW,X3,2005,21,3,28,602
BMW,X3,2006,21,3,29,812
BMW,X3,2007,21,3,30,1017
BMW,X3,2008,21,3,31,1234
BMW,X3,2009,21,3,32,1453
BMW,X3,2010,21,3,33,1665
BMW,X3,2012,21,3,35,2054
BMW,X3,2013,21,3,36,2233
BMW,X5,2002,22,3,25,13
BMW,X5,2003,22,3,26,206
BMW,X5,2004,22,3,27,390
BMW,X5,2005,22,3,28,603
BMW,X5,2006,22,3,29,813
BMW,X5,2007,22,3,30,1018
BMW,X5,2008,22,3,31,1235
BMW,X5,2009,22,3,32,1454
BMW,X5,2010,22,3,33,1666
BMW,X5,2011,22,3,34,1868
BMW,X5,2012,22,3,35,2055
BMW,X5,2013,22,3,36,2234
BMW,X6,2009,23,3,32,1455
BMW,X6,2010,23,3,33,1667
BMW,X6,2012,23,3,35,2056
BMW,Z3,2002,24,3,25,14
BMW,Z4,2003,25,3,26,207
BMW,Z4,2004,25,3,27,391
BMW,Z4,2005,25,3,28,604
BMW,Z4,2006,25,3,29,814
BMW,Z4,2007,25,3,30,1019
BMW,Z4,2008,25,3,31,1236
BMW,Z4,2010,25,3,33,1668
BMW,Z4,2011,25,3,34,1869
BMW,Z8,2002,26,3,25,15
BMW,Z8,2003,26,3,26,208
BUICK,CENTURY,2002,27,4,37,16
BUICK,CENTURY,2003,27,4,38,209
BUICK,CENTURY,2005,27,4,40,605
BUICK,ENCLAVE,2008,28,4,43,1237
BUICK,ENCLAVE,2009,28,4,44,1456
BUICK,ENCLAVE,2010,28,4,45,1669
BUICK,ENCLAVE,2011,28,4,46,1870
BUICK,ENCLAVE,2012,28,4,47,2057
BUICK,ENCLAVE,2013,28,4,48,2235
BUICK,ENCORE,2013,29,4,48,2236
BUICK,LACROSSE,2006,30,4,41,815
BUICK,LACROSSE,2007,30,4,42,1020
BUICK,LACROSSE,2008,30,4,43,1238
BUICK,LACROSSE,2009,30,4,44,1457
BUICK,LACROSSE,2010,30,4,45,1670
BUICK,LACROSSE,2011,30,4,46,1871
BUICK,LACROSSE,2012,30,4,47,2058
BUICK,LACROSSE,2013,30,4,48,2237
BUICK,LESABRE,2002,31,4,37,17
BUICK,LESABRE,2003,31,4,38,210
BUICK,LESABRE,2004,31,4,39,392
BUICK,LESABRE,2005,31,4,40,606
BUICK,LUCERNE,2006,32,4,41,816
BUICK,LUCERNE,2007,32,4,42,1021
BUICK,LUCERNE,2008,32,4,43,1239
BUICK,LUCERNE,2009,32,4,44,1458
BUICK,LUCERNE,2010,32,4,45,1671
BUICK,PARK AVE,2003,33,4,38,211
BUICK,PARK AVE,2004,33,4,39,393
BUICK,PARK AVE,2005,33,4,40,607
BUICK,RAINIER,2004,34,4,39,394
BUICK,RAINIER,2005,34,4,40,608
BUICK,RAINIER,2006,34,4,41,817
BUICK,REGAL,2002,35,4,37,18
BUICK,REGAL,2003,35,4,38,212
BUICK,REGAL,2004,35,4,39,395
BUICK,REGAL,2011,35,4,46,1872
BUICK,REGAL,2012,35,4,47,2059
BUICK,RENDEZVOUS,2002,36,4,37,19
BUICK,RENDEZVOUS,2003,36,4,38,213
BUICK,RENDEZVOUS,2004,36,4,39,396
BUICK,RENDEZVOUS,2005,36,4,40,609
BUICK,RENDEZVOUS,2006,36,4,41,818
BUICK,RENDEZVOUS,2007,36,4,42,1022
BUICK,TERRAZA,2005,37,4,40,610
BUICK,TERRAZA,2006,37,4,41,819
BUICK,TERRAZA,2007,37,4,42,1023
BUICK,VERANO,2012,38,4,47,2060
BUICK,VERANO,2013,38,4,48,2238
CADILLAC,ATS,2013,39,5,60,2239
CADILLAC,CTS,2003,40,5,50,214
CADILLAC,CTS,2004,40,5,51,397
CADILLAC,CTS,2005,40,5,52,611
CADILLAC,CTS,2006,40,5,53,820
CADILLAC,CTS,2007,40,5,54,1024
CADILLAC,CTS,2008,40,5,55,1240
CADILLAC,CTS,2009,40,5,56,1459
CADILLAC,CTS,2010,40,5,57,1672
CADILLAC,CTS,2011,40,5,58,1873
CADILLAC,CTS,2012,40,5,59,2061
CADILLAC,CTS,2013,40,5,60,2240
CADILLAC,DEVILLE,2002,41,5,49,20
CADILLAC,DEVILLE,2003,41,5,50,215
CADILLAC,DEVILLE,2004,41,5,51,398
CADILLAC,DEVILLE,2005,41,5,52,612
CADILLAC,DTS,2006,42,5,53,821
CADILLAC,DTS,2007,42,5,54,1025
CADILLAC,DTS,2008,42,5,55,1241
CADILLAC,DTS,2010,42,5,57,1673
CADILLAC,ELDORADO,2002,43,5,49,21
CADILLAC,ESCALADE,2004,44,5,51,399
CADILLAC,ESCALADE,2005,44,5,52,613
CADILLAC,ESCALADE,2006,44,5,53,822
CADILLAC,ESCALADE,2007,44,5,54,1026
CADILLAC,ESCALADE,2008,44,5,55,1242
CADILLAC,ESCALADE,2009,44,5,56,1460
CADILLAC,ESCALADE,2010,44,5,57,1674
CADILLAC,ESCALADE,2011,44,5,58,1874
CADILLAC,ESCALADE,2012,44,5,59,2062
CADILLAC,ESCALADE ESV,2003,45,5,50,216
CADILLAC,ESCALADE ESV,2004,45,5,51,400
CADILLAC,ESCALADE ESV,2005,45,5,52,614
CADILLAC,ESCALADE ESV,2006,45,5,53,823
CADILLAC,ESCALADE ESV,2007,45,5,54,1027
CADILLAC,ESCALADE ESV,2008,45,5,55,1243
CADILLAC,ESCALADE ESV,2009,45,5,56,1461
CADILLAC,ESCALADE ESV,2010,45,5,57,1675
CADILLAC,ESCALADE EXT,2003,46,5,50,217
CADILLAC,ESCALADE EXT,2004,46,5,51,401
CADILLAC,ESCALADE EXT,2005,46,5,52,615
CADILLAC,ESCALADE EXT,2006,46,5,53,824
CADILLAC,ESCALADE EXT,2007,46,5,54,1028
CADILLAC,ESCALADE EXT,2008,46,5,55,1244
CADILLAC,ESCALADE EXT,2010,46,5,57,1676
CADILLAC,SEVILLE,2002,47,5,49,22
CADILLAC,SEVILLE,2003,47,5,50,218
CADILLAC,SEVILLE,2004,47,5,51,402
CADILLAC,SRX,2004,48,5,51,403
CADILLAC,SRX,2005,48,5,52,616
CADILLAC,SRX,2006,48,5,53,825
CADILLAC,SRX,2007,48,5,54,1029
CADILLAC,SRX,2008,48,5,55,1245
CADILLAC,SRX,2009,48,5,56,1462
CADILLAC,SRX,2010,48,5,57,1677
CADILLAC,SRX,2011,48,5,58,1875
CADILLAC,SRX,2012,48,5,59,2063
CADILLAC,SRX,2013,48,5,60,2241
CADILLAC,STS,2005,49,5,52,617
CADILLAC,STS,2006,49,5,53,826
CADILLAC,STS,2007,49,5,54,1030
CADILLAC,STS,2008,49,5,55,1246
CADILLAC,STS,2009,49,5,56,1463
CADILLAC,STS,2010,49,5,57,1678
CADILLAC,XLR,2004,50,5,51,404
CADILLAC,XLR,2006,50,5,53,827
CADILLAC,XLR,2007,50,5,54,1031
CADILLAC,XLR,2008,50,5,55,1247
CADILLAC,XLR,2009,50,5,56,1464
CADILLAC,XTS,2013,51,5,60,2242
CHEVROLET,ASTRO PASS,2002,52,6,61,23
CHEVROLET,ASTRO PASS,2003,52,6,62,219
CHEVROLET,AVALANCHE,2003,53,6,62,220
CHEVROLET,AVALANCHE,2004,53,6,63,405
CHEVROLET,AVALANCHE,2005,53,6,64,618
CHEVROLET,AVALANCHE,2006,53,6,65,828
CHEVROLET,AVALANCHE,2007,53,6,66,1032
CHEVROLET,AVALANCHE,2009,53,6,68,1465
CHEVROLET,AVALANCHE,2010,53,6,69,1679
CHEVROLET,AVALANCHE,2013,53,6,72,2243
CHEVROLET,AVEO,2004,54,6,63,406
CHEVROLET,AVEO,2005,54,6,64,619
CHEVROLET,AVEO,2006,54,6,65,829
CHEVROLET,AVEO,2007,54,6,66,1033
CHEVROLET,AVEO,2008,54,6,67,1248
CHEVROLET,AVEO,2009,54,6,68,1466
CHEVROLET,AVEO,2010,54,6,69,1680
CHEVROLET,AVEO,2011,54,6,70,1876
CHEVROLET,CAMARO,2010,55,6,69,1681
CHEVROLET,CAMARO,2011,55,6,70,1877
CHEVROLET,CAMARO,2013,55,6,72,2244
CHEVROLET,CAVALIER,2002,56,6,61,24
CHEVROLET,CAVALIER,2004,56,6,63,407
CHEVROLET,CAVALIER,2005,56,6,64,620
CHEVROLET,COBALT,2005,57,6,64,621
CHEVROLET,COBALT,2006,57,6,65,830
CHEVROLET,COBALT,2007,57,6,66,1034
CHEVROLET,COBALT,2008,57,6,67,1249
CHEVROLET,COBALT,2009,57,6,68,1467
CHEVROLET,COBALT,2010,57,6,69,1682
CHEVROLET,COLORADO,2004,58,6,63,408
CHEVROLET,COLORADO,2005,58,6,64,622
CHEVROLET,COLORADO,2007,58,6,66,1035
CHEVROLET,COLORADO,2008,58,6,67,1250
CHEVROLET,COLORADO,2009,58,6,68,1468
CHEVROLET,COLORADO,2010,58,6,69,1683
CHEVROLET,COLORADO,2011,58,6,70,1878
CHEVROLET,COLORADO,2012,58,6,71,2064
CHEVROLET,CORVETTE,2002,59,6,61,25
CHEVROLET,CORVETTE,2003,59,6,62,221
CHEVROLET,CORVETTE,2004,59,6,63,409
CHEVROLET,CORVETTE,2005,59,6,64,623
CHEVROLET,CORVETTE,2006,59,6,65,831
CHEVROLET,CORVETTE,2007,59,6,66,1036
CHEVROLET,CORVETTE,2008,59,6,67,1251
CHEVROLET,CORVETTE,2009,59,6,68,1469
CHEVROLET,CORVETTE,2010,59,6,69,1684
CHEVROLET,CORVETTE,2011,59,6,70,1879
CHEVROLET,CORVETTE,2012,59,6,71,2065
CHEVROLET,CRUZE,2012,60,6,71,2066
CHEVROLET,CRUZE,2013,60,6,72,2245
CHEVROLET,EQUINOX,2006,61,6,65,832
CHEVROLET,EQUINOX,2007,61,6,66,1037
CHEVROLET,EQUINOX,2008,61,6,67,1252
CHEVROLET,EQUINOX,2009,61,6,68,1470
CHEVROLET,EQUINOX,2010,61,6,69,1685
CHEVROLET,EQUINOX,2011,61,6,70,1880
CHEVROLET,EQUINOX,2012,61,6,71,2067
CHEVROLET,EQUINOX,2013,61,6,72,2246
CHEVROLET,EXPRESS CARGO,2002,62,6,61,26
CHEVROLET,EXPRESS CARGO,2003,62,6,62,222
CHEVROLET,EXPRESS CARGO,2004,62,6,63,410
CHEVROLET,EXPRESS CARGO,2005,62,6,64,624
CHEVROLET,EXPRESS CARGO,2006,62,6,65,833
CHEVROLET,EXPRESS CARGO,2009,62,6,68,1471
CHEVROLET,EXPRESS CARGO,2013,62,6,72,2247
CHEVROLET,EXPRESS PASS,2002,63,6,61,27
CHEVROLET,EXPRESS PASS,2008,63,6,67,1253
CHEVROLET,EXPRESS PASS,2011,63,6,70,1881
CHEVROLET,HHR,2006,64,6,65,834
CHEVROLET,HHR,2007,64,6,66,1038
CHEVROLET,HHR,2008,64,6,67,1254
CHEVROLET,HHR,2009,64,6,68,1472
CHEVROLET,HHR,2010,64,6,69,1686
CHEVROLET,HHR,2011,64,6,70,1882
CHEVROLET,IMPALA,2002,65,6,61,28
CHEVROLET,IMPALA,2003,65,6,62,223
CHEVROLET,IMPALA,2004,65,6,63,411
CHEVROLET,IMPALA,2005,65,6,64,625
CHEVROLET,IMPALA,2006,65,6,65,835
CHEVROLET,IMPALA,2007,65,6,66,1039
CHEVROLET,IMPALA,2008,65,6,67,1255
CHEVROLET,IMPALA,2009,65,6,68,1473
CHEVROLET,IMPALA,2010,65,6,69,1687
CHEVROLET,IMPALA,2011,65,6,70,1883
CHEVROLET,IMPALA,2012,65,6,71,2068
CHEVROLET,IMPALA,2013,65,6,72,2248
CHEVROLET,MALIBU,2002,66,6,61,29
CHEVROLET,MALIBU,2003,66,6,62,224
CHEVROLET,MALIBU,2004,66,6,63,412
CHEVROLET,MALIBU,2005,66,6,64,626
CHEVROLET,MALIBU,2006,66,6,65,836
CHEVROLET,MALIBU,2007,66,6,66,1040
CHEVROLET,MALIBU,2008,66,6,67,1256
CHEVROLET,MALIBU,2009,66,6,68,1474
CHEVROLET,MALIBU,2010,66,6,69,1688
CHEVROLET,MALIBU,2011,66,6,70,1884
CHEVROLET,MALIBU,2012,66,6,71,2069
CHEVROLET,MALIBU,2013,66,6,72,2249
CHEVROLET,MONTE CARLO,2002,67,6,61,30
CHEVROLET,MONTE CARLO,2003,67,6,62,225
CHEVROLET,MONTE CARLO,2004,67,6,63,413
CHEVROLET,MONTE CARLO,2005,67,6,64,627
CHEVROLET,MONTE CARLO,2006,67,6,65,837
CHEVROLET,MONTE CARLO,2007,67,6,66,1041
CHEVROLET,PRIZM,2002,68,6,61,31
CHEVROLET,S BLAZER,2002,69,6,61,32
CHEVROLET,S BLAZER,2003,69,6,62,226
CHEVROLET,S BLAZER,2004,69,6,63,414
CHEVROLET,S BLAZER,2005,69,6,64,628
CHEVROLET,S10 PICKUP,2002,70,6,61,33
CHEVROLET,S10 PICKUP,2003,70,6,62,227
CHEVROLET,S10 PICKUP,2004,70,6,63,415
CHEVROLET,SILVERADO,2002,71,6,61,34
CHEVROLET,SILVERADO,2003,71,6,62,228
CHEVROLET,SILVERADO,2005,71,6,64,629
CHEVROLET,SILVERADO,2006,71,6,65,838
CHEVROLET,SILVERADO,2007,71,6,66,1042
CHEVROLET,SILVERADO,2008,71,6,67,1257
CHEVROLET,SILVERADO,2009,71,6,68,1475
CHEVROLET,SILVERADO,2010,71,6,69,1689
CHEVROLET,SILVERADO,2011,71,6,70,1885
CHEVROLET,SILVERADO,2012,71,6,71,2070
CHEVROLET,SILVERADO,2013,71,6,72,2250
CHEVROLET,SONIC,2013,72,6,72,2251
CHEVROLET,SPARK,2013,73,6,72,2252
CHEVROLET,SSR,2004,74,6,63,416
CHEVROLET,SSR,2005,74,6,64,630
CHEVROLET,SSR,2006,74,6,65,839
CHEVROLET,SUBURBAN,2003,75,6,62,229
CHEVROLET,SUBURBAN,2004,75,6,63,417
CHEVROLET,SUBURBAN,2005,75,6,64,631
CHEVROLET,SUBURBAN,2006,75,6,65,840
CHEVROLET,SUBURBAN,2007,75,6,66,1043
CHEVROLET,SUBURBAN,2009,75,6,68,1476
CHEVROLET,SUBURBAN,2010,75,6,69,1690
CHEVROLET,SUBURBAN,2011,75,6,70,1886
CHEVROLET,SUBURBAN,2013,75,6,72,2253
CHEVROLET,TAHOE,2002,76,6,61,35
CHEVROLET,TAHOE,2003,76,6,62,230
CHEVROLET,TAHOE,2004,76,6,63,418
CHEVROLET,TAHOE,2005,76,6,64,632
CHEVROLET,TAHOE,2006,76,6,65,841
CHEVROLET,TAHOE,2007,76,6,66,1044
CHEVROLET,TAHOE,2008,76,6,67,1258
CHEVROLET,TAHOE,2009,76,6,68,1477
CHEVROLET,TAHOE,2010,76,6,69,1691
CHEVROLET,TAHOE,2011,76,6,70,1887
CHEVROLET,TAHOE,2013,76,6,72,2254
CHEVROLET,TRACKER,2002,77,6,61,36
CHEVROLET,TRACKER,2003,77,6,62,231
CHEVROLET,TRACKER,2004,77,6,63,419
CHEVROLET,TRAILBLAZER,2002,78,6,61,37
CHEVROLET,TRAILBLAZER,2003,78,6,62,232
CHEVROLET,TRAILBLAZER,2004,78,6,63,420
CHEVROLET,TRAILBLAZER,2005,78,6,64,633
CHEVROLET,TRAILBLAZER,2006,78,6,65,842
CHEVROLET,TRAILBLAZER,2007,78,6,66,1045
CHEVROLET,TRAILBLAZER,2008,78,6,67,1259
CHEVROLET,TRAILBLAZER,2009,78,6,68,1478
CHEVROLET,TRAVERSE,2009,79,6,68,1479
CHEVROLET,TRAVERSE,2010,79,6,69,1692
CHEVROLET,TRAVERSE,2011,79,6,70,1888
CHEVROLET,TRAVERSE,2012,79,6,71,2071
CHEVROLET,TRAVERSE,2013,79,6,72,2255
CHEVROLET,UPLANDER,2005,80,6,64,634
CHEVROLET,UPLANDER,2007,80,6,66,1046
CHEVROLET,UPLANDER,2008,80,6,67,1260
CHEVROLET,VENTURE,2002,81,6,61,38
CHEVROLET,VENTURE,2004,81,6,63,421
CHEVROLET,VENTURE,2005,81,6,64,635
CHEVROLET,VOLT,2013,82,6,72,2256
CHRYSLER,200 SERIES,2011,83,7,82,1889
CHRYSLER,200 SERIES,2012,83,7,83,2072
CHRYSLER,200 SERIES,2013,83,7,84,2257
CHRYSLER,300 M,2002,84,7,73,39
CHRYSLER,300 M,2003,84,7,74,233
CHRYSLER,300 M,2004,84,7,75,422
CHRYSLER,300 SERIES,2005,85,7,76,636
CHRYSLER,300 SERIES,2006,85,7,77,843
CHRYSLER,300 SERIES,2007,85,7,78,1047
CHRYSLER,300 SERIES,2008,85,7,79,1261
CHRYSLER,300 SERIES,2009,85,7,80,1480
CHRYSLER,300 SERIES,2010,85,7,81,1693
CHRYSLER,300 SERIES,2011,85,7,82,1890
CHRYSLER,300 SERIES,2012,85,7,83,2073
CHRYSLER,300 SERIES,2013,85,7,84,2258
CHRYSLER,ASPEN,2007,86,7,78,1048
CHRYSLER,ASPEN,2008,86,7,79,1262
CHRYSLER,ASPEN,2009,86,7,80,1481
CHRYSLER,CONCORDE,2002,87,7,73,40
CHRYSLER,CONCORDE,2003,87,7,74,234
CHRYSLER,CONCORDE,2004,87,7,75,423
CHRYSLER,CROSSFIRE,2004,88,7,75,424
CHRYSLER,CROSSFIRE,2008,88,7,79,1263
CHRYSLER,PACIFICA,2004,89,7,75,425
CHRYSLER,PACIFICA,2005,89,7,76,637
CHRYSLER,PACIFICA,2006,89,7,77,844
CHRYSLER,PACIFICA,2007,89,7,78,1049
CHRYSLER,PACIFICA,2008,89,7,79,1264
CHRYSLER,PT CRUISER,2002,90,7,73,41
CHRYSLER,PT CRUISER,2004,90,7,75,426
CHRYSLER,PT CRUISER,2005,90,7,76,638
CHRYSLER,PT CRUISER,2006,90,7,77,845
CHRYSLER,PT CRUISER,2007,90,7,78,1050
CHRYSLER,PT CRUISER,2008,90,7,79,1265
CHRYSLER,PT CRUISER,2009,90,7,80,1482
CHRYSLER,PT CRUISER,2010,90,7,81,1694
CHRYSLER,SEBRING SEDAN,2002,91,7,73,42
CHRYSLER,SEBRING SEDAN,2003,91,7,74,235
CHRYSLER,SEBRING SEDAN,2004,91,7,75,427
CHRYSLER,SEBRING SEDAN,2005,91,7,76,639
CHRYSLER,SEBRING SEDAN,2006,91,7,77,846
CHRYSLER,SEBRING SEDAN,2007,91,7,78,1051
CHRYSLER,SEBRING SEDAN,2008,91,7,79,1266
CHRYSLER,SEBRING SEDAN,2009,91,7,80,1483
CHRYSLER,SEBRING SEDAN,2010,91,7,81,1695
CHRYSLER,TOWN & COUNTRY,2002,92,7,73,43
CHRYSLER,TOWN & COUNTRY,2003,92,7,74,236
CHRYSLER,TOWN & COUNTRY,2004,92,7,75,428
CHRYSLER,TOWN & COUNTRY,2005,92,7,76,640
CHRYSLER,TOWN & COUNTRY,2006,92,7,77,847
CHRYSLER,TOWN & COUNTRY,2007,92,7,78,1052
CHRYSLER,TOWN & COUNTRY,2009,92,7,80,1484
CHRYSLER,TOWN & COUNTRY,2010,92,7,81,1696
CHRYSLER,TOWN & COUNTRY,2012,92,7,83,2074
CHRYSLER,TOWN & COUNTRY,2013,92,7,84,2259
CHRYSLER,VOYAGER,2002,93,7,73,44
CHRYSLER,VOYAGER,2003,93,7,74,237
DAEWOO,LANOS,2002,94,8,85,45
DAEWOO,LEGANZA,2002,95,8,85,46
DAEWOO,NUBIRA,2002,96,8,85,47
DODGE,AVENGER,2008,97,9,92,1267
DODGE,AVENGER,2009,97,9,93,1485
DODGE,AVENGER,2010,97,9,94,1697
DODGE,AVENGER,2011,97,9,95,1891
DODGE,AVENGER,2012,97,9,96,2075
DODGE,AVENGER,2013,97,9,97,2260
DODGE,CALIBER,2007,98,9,91,1053
DODGE,CALIBER,2008,98,9,92,1268
DODGE,CALIBER,2009,98,9,93,1486
DODGE,CALIBER,2010,98,9,94,1698
DODGE,CALIBER,2011,98,9,95,1892
DODGE,CALIBER,2012,98,9,96,2076
DODGE,CARAVAN,2002,99,9,86,48
DODGE,CARAVAN,2003,99,9,87,238
DODGE,CARAVAN,2004,99,9,88,429
DODGE,CARAVAN,2005,99,9,89,641
DODGE,CARAVAN,2006,99,9,90,848
DODGE,CARAVAN,2007,99,9,91,1054
DODGE,CARAVAN,2008,99,9,92,1269
DODGE,CARAVAN,2010,99,9,94,1699
DODGE,CARAVAN,2011,99,9,95,1893
DODGE,CARAVAN,2012,99,9,96,2077
DODGE,CARAVAN,2013,99,9,97,2261
DODGE,CHALLENGER,2008,100,9,92,1270
DODGE,CHALLENGER,2009,100,9,93,1487
DODGE,CHALLENGER,2010,100,9,94,1700
DODGE,CHALLENGER,2012,100,9,96,2078
DODGE,CHALLENGER,2013,100,9,97,2262
DODGE,CHARGER,2006,101,9,90,849
DODGE,CHARGER,2007,101,9,91,1055
DODGE,CHARGER,2008,101,9,92,1271
DODGE,CHARGER,2009,101,9,93,1488
DODGE,CHARGER,2010,101,9,94,1701
DODGE,CHARGER,2012,101,9,96,2079
DODGE,CHARGER,2013,101,9,97,2263
DODGE,DART,2013,102,9,97,2264
DODGE,DURANGO,2002,103,9,86,49
DODGE,DURANGO,2005,103,9,89,642
DODGE,DURANGO,2006,103,9,90,850
DODGE,DURANGO,2007,103,9,91,1056
DODGE,DURANGO,2009,103,9,93,1489
DODGE,DURANGO,2011,103,9,95,1894
DODGE,DURANGO,2012,103,9,96,2080
DODGE,DURANGO,2013,103,9,97,2265
DODGE,INTREPID,2002,104,9,86,50
DODGE,INTREPID,2003,104,9,87,239
DODGE,INTREPID,2004,104,9,88,430
DODGE,JOURNEY,2009,105,9,93,1490
DODGE,JOURNEY,2010,105,9,94,1702
DODGE,JOURNEY,2011,105,9,95,1895
DODGE,JOURNEY,2012,105,9,96,2081
DODGE,JOURNEY,2013,105,9,97,2266
DODGE,MAGNUM,2005,106,9,89,643
DODGE,MAGNUM,2006,106,9,90,851
DODGE,MAGNUM,2007,106,9,91,1057
DODGE,MAGNUM,2008,106,9,92,1272
DODGE,NEON,2002,107,9,86,51
DODGE,NEON,2003,107,9,87,240
DODGE,NEON,2004,107,9,88,431
DODGE,NITRO,2007,108,9,91,1058
DODGE,NITRO,2008,108,9,92,1273
DODGE,NITRO,2009,108,9,93,1491
DODGE,NITRO,2010,108,9,94,1703
DODGE,STRATUS COUPE,2005,109,9,89,644
DODGE,STRATUS SEDAN,2002,110,9,86,52
DODGE,STRATUS SEDAN,2003,110,9,87,241
DODGE,STRATUS SEDAN,2004,110,9,88,432
DODGE,VIPER,2002,111,9,86,53
DODGE,VIPER,2004,111,9,88,433
DODGE,VIPER,2005,111,9,89,645
DODGE,VIPER,2006,111,9,90,852
DODGE,VIPER,2008,111,9,92,1274
FORD,C-MAX,2013,112,10,109,2267
FORD,CROWN VICTORIA,2002,113,10,98,54
FORD,CROWN VICTORIA,2003,113,10,99,242
FORD,CROWN VICTORIA,2005,113,10,101,646
FORD,CROWN VICTORIA,2006,113,10,102,853
FORD,CROWN VICTORIA,2007,113,10,103,1059
FORD,ECONOLINE,2002,114,10,98,55
FORD,ECONOLINE,2003,114,10,99,243
FORD,ECONOLINE,2004,114,10,100,434
FORD,ECONOLINE,2005,114,10,101,647
FORD,ECONOLINE,2006,114,10,102,854
FORD,EDGE,2007,115,10,103,1060
FORD,EDGE,2008,115,10,104,1275
FORD,EDGE,2009,115,10,105,1492
FORD,EDGE,2010,115,10,106,1704
FORD,EDGE,2011,115,10,107,1896
FORD,EDGE,2013,115,10,109,2268
FORD,ESCAPE,2002,116,10,98,56
FORD,ESCAPE,2003,116,10,99,244
FORD,ESCAPE,2004,116,10,100,435
FORD,ESCAPE,2005,116,10,101,648
FORD,ESCAPE,2006,116,10,102,855
FORD,ESCAPE,2007,116,10,103,1061
FORD,ESCAPE,2008,116,10,104,1276
FORD,ESCAPE,2009,116,10,105,1493
FORD,ESCAPE,2010,116,10,106,1705
FORD,ESCAPE,2011,116,10,107,1897
FORD,ESCAPE,2012,116,10,108,2082
FORD,ESCORT,2002,117,10,98,57
FORD,EXPEDITION,2002,118,10,98,58
FORD,EXPEDITION,2004,118,10,100,436
FORD,EXPEDITION,2005,118,10,101,649
FORD,EXPEDITION,2006,118,10,102,856
FORD,EXPEDITION,2007,118,10,103,1062
FORD,EXPEDITION,2008,118,10,104,1277
FORD,EXPEDITION,2009,118,10,105,1494
FORD,EXPEDITION,2010,118,10,106,1706
FORD,EXPEDITION,2011,118,10,107,1898
FORD,EXPLORER,2002,119,10,98,59
FORD,EXPLORER,2003,119,10,99,245
FORD,EXPLORER,2004,119,10,100,437
FORD,EXPLORER,2005,119,10,101,650
FORD,EXPLORER,2006,119,10,102,857
FORD,EXPLORER,2007,119,10,103,1063
FORD,EXPLORER,2008,119,10,104,1278
FORD,EXPLORER,2009,119,10,105,1495
FORD,EXPLORER,2010,119,10,106,1707
FORD,EXPLORER,2012,119,10,108,2083
FORD,EXPLORER,2013,119,10,109,2269
FORD,F SERIES,2002,120,10,98,60
FORD,F SERIES,2003,120,10,99,246
FORD,F SERIES,2004,120,10,100,438
FORD,F SERIES,2005,120,10,101,651
FORD,F SERIES,2006,120,10,102,858
FORD,F SERIES,2007,120,10,103,1064
FORD,F SERIES,2008,120,10,104,1279
FORD,F SERIES,2009,120,10,105,1496
FORD,F SERIES,2010,120,10,106,1708
FORD,F SERIES,2011,120,10,107,1899
FORD,F SERIES,2012,120,10,108,2084
FORD,F SERIES,2013,120,10,109,2270
FORD,FIESTA,2011,121,10,107,1900
FORD,FIESTA,2012,121,10,108,2085
FORD,FIESTA,2013,121,10,109,2271
FORD,FIVE HUNDRED,2005,122,10,101,652
FORD,FIVE HUNDRED,2006,122,10,102,859
FORD,FIVE HUNDRED,2007,122,10,103,1065
FORD,FLEX,2009,123,10,105,1497
FORD,FLEX,2010,123,10,106,1709
FORD,FLEX,2011,123,10,107,1901
FORD,FLEX,2012,123,10,108,2086
FORD,FLEX,2013,123,10,109,2272
FORD,FOCUS,2002,124,10,98,61
FORD,FOCUS,2004,124,10,100,439
FORD,FOCUS,2005,124,10,101,653
FORD,FOCUS,2006,124,10,102,860
FORD,FOCUS,2008,124,10,104,1280
FORD,FOCUS,2009,124,10,105,1498
FORD,FOCUS,2010,124,10,106,1710
FORD,FOCUS,2011,124,10,107,1902
FORD,FOCUS,2012,124,10,108,2087
FORD,FOCUS,2013,124,10,109,2273
FORD,FREESTAR,2004,125,10,100,440
FORD,FREESTAR,2005,125,10,101,654
FORD,FREESTAR,2006,125,10,102,861
FORD,FREESTAR,2007,125,10,103,1066
FORD,FREESTYLE,2005,126,10,101,655
FORD,FREESTYLE,2006,126,10,102,862
FORD,FREESTYLE,2007,126,10,103,1067
FORD,FUSION,2006,127,10,102,863
FORD,FUSION,2007,127,10,103,1068
FORD,FUSION,2008,127,10,104,1281
FORD,FUSION,2009,127,10,105,1499
FORD,FUSION,2010,127,10,106,1711
FORD,FUSION,2011,127,10,107,1903
FORD,FUSION,2012,127,10,108,2088
FORD,FUSION,2013,127,10,109,2274
FORD,MUSTANG,2002,128,10,98,62
FORD,MUSTANG,2003,128,10,99,247
FORD,MUSTANG,2004,128,10,100,441
FORD,MUSTANG,2005,128,10,101,656
FORD,MUSTANG,2006,128,10,102,864
FORD,MUSTANG,2007,128,10,103,1069
FORD,MUSTANG,2008,128,10,104,1282
FORD,MUSTANG,2009,128,10,105,1500
FORD,MUSTANG,2011,128,10,107,1904
FORD,MUSTANG,2012,128,10,108,2089
FORD,MUSTANG,2013,128,10,109,2275
FORD,RANGER,2003,129,10,99,248
FORD,RANGER,2004,129,10,100,442
FORD,RANGER,2005,129,10,101,657
FORD,RANGER,2006,129,10,102,865
FORD,RANGER,2007,129,10,103,1070
FORD,RANGER,2008,129,10,104,1283
FORD,RANGER,2009,129,10,105,1501
FORD,RANGER,2010,129,10,106,1712
FORD,TAURUS,2002,130,10,98,63
FORD,TAURUS,2003,130,10,99,249
FORD,TAURUS,2004,130,10,100,443
FORD,TAURUS,2005,130,10,101,658
FORD,TAURUS,2006,130,10,102,866
FORD,TAURUS,2007,130,10,103,1071
FORD,TAURUS,2009,130,10,105,1502
FORD,TAURUS,2011,130,10,107,1905
FORD,TAURUS,2012,130,10,108,2090
FORD,TAURUS,2013,130,10,109,2276
FORD,TAURUS X,2008,131,10,104,1284
FORD,TAURUS X,2009,131,10,105,1503
FORD,THUNDERBIRD,2002,132,10,98,64
FORD,THUNDERBIRD,2003,132,10,99,250
FORD,THUNDERBIRD,2004,132,10,100,444
FORD,THUNDERBIRD,2005,132,10,101,659
FORD,TRANSIT CONNECT,2010,133,10,106,1713
FORD,WINDSTAR PASS,2002,134,10,98,65
FORD,WINDSTAR PASS,2003,134,10,99,251
GMC,ACADIA,2007,135,11,115,1072
GMC,ACADIA,2008,135,11,116,1285
GMC,ACADIA,2009,135,11,117,1504
GMC,ACADIA,2010,135,11,118,1714
GMC,ACADIA,2011,135,11,119,1906
GMC,ACADIA,2012,135,11,120,2091
GMC,ACADIA,2013,135,11,121,2277
GMC,CANYON,2005,136,11,113,660
GMC,CANYON,2006,136,11,114,867
GMC,CANYON,2007,136,11,115,1073
GMC,CANYON,2008,136,11,116,1286
GMC,CANYON,2009,136,11,117,1505
GMC,CANYON,2010,136,11,118,1715
GMC,ENVOY,2002,137,11,110,66
GMC,ENVOY,2003,137,11,111,252
GMC,ENVOY,2004,137,11,112,445
GMC,ENVOY,2005,137,11,113,661
GMC,ENVOY,2006,137,11,114,868
GMC,ENVOY,2007,137,11,115,1074
GMC,ENVOY,2008,137,11,116,1287
GMC,ENVOY,2009,137,11,117,1506
GMC,SAFARI PASS,2002,138,11,110,67
GMC,SAFARI PASS,2003,138,11,111,253
GMC,SAFARI PASS,2004,138,11,112,446
GMC,SAFARI PASS,2005,138,11,113,662
GMC,SAVANA CARGO,2002,139,11,110,68
GMC,SAVANA CARGO,2003,139,11,111,254
GMC,SAVANA CARGO,2004,139,11,112,447
GMC,SAVANA CARGO,2005,139,11,113,663
GMC,SAVANA CARGO,2006,139,11,114,869
GMC,SAVANA CARGO,2007,139,11,115,1075
GMC,SAVANA PASS,2003,140,11,111,255
GMC,SAVANA PASS,2005,140,11,113,664
GMC,SIERRA,2002,141,11,110,69
GMC,SIERRA,2003,141,11,111,256
GMC,SIERRA,2004,141,11,112,448
GMC,SIERRA,2006,141,11,114,870
GMC,SIERRA,2007,141,11,115,1076
GMC,SIERRA,2008,141,11,116,1288
GMC,SIERRA,2009,141,11,117,1507
GMC,SIERRA,2010,141,11,118,1716
GMC,SIERRA,2011,141,11,119,1907
GMC,SIERRA,2012,141,11,120,2092
GMC,SIERRA,2013,141,11,121,2278
GMC,SONOMA,2002,142,11,110,70
GMC,SONOMA,2003,142,11,111,257
GMC,SONOMA,2004,142,11,112,449
GMC,TERRAIN,2010,143,11,118,1717
GMC,TERRAIN,2011,143,11,119,1908
GMC,TERRAIN,2013,143,11,121,2279
GMC,YUKON,2002,144,11,110,71
GMC,YUKON,2003,144,11,111,258
GMC,YUKON,2004,144,11,112,450
GMC,YUKON,2005,144,11,113,665
GMC,YUKON,2006,144,11,114,871
GMC,YUKON,2007,144,11,115,1077
GMC,YUKON,2008,144,11,116,1289
GMC,YUKON,2009,144,11,117,1508
GMC,YUKON,2010,144,11,118,1718
GMC,YUKON XL,2003,145,11,111,259
GMC,YUKON XL,2004,145,11,112,451
GMC,YUKON XL,2005,145,11,113,666
GMC,YUKON XL,2006,145,11,114,872
GMC,YUKON XL,2007,145,11,115,1078
GMC,YUKON XL,2008,145,11,116,1290
GMC,YUKON XL,2009,145,11,117,1509
GMC,YUKON XL,2010,145,11,118,1719
GMC,YUKON XL,2012,145,11,120,2093
HONDA,ACCORD,2002,146,12,122,72
HONDA,ACCORD,2004,146,12,124,452
HONDA,ACCORD,2005,146,12,125,667
HONDA,ACCORD,2006,146,12,126,873
HONDA,ACCORD,2007,146,12,127,1079
HONDA,ACCORD,2008,146,12,128,1291
HONDA,ACCORD,2009,146,12,129,1510
HONDA,ACCORD,2010,146,12,130,1720
HONDA,ACCORD,2011,146,12,131,1909
HONDA,ACCORD,2012,146,12,132,2094
HONDA,ACCORD,2013,146,12,133,2280
HONDA,CIVIC,2002,147,12,122,73
HONDA,CIVIC,2004,147,12,124,453
HONDA,CIVIC,2005,147,12,125,668
HONDA,CIVIC,2007,147,12,127,1080
HONDA,CIVIC,2008,147,12,128,1292
HONDA,CIVIC,2010,147,12,130,1721
HONDA,CIVIC,2011,147,12,131,1910
HONDA,CIVIC,2012,147,12,132,2095
HONDA,CIVIC,2013,147,12,133,2281
HONDA,CR-V,2002,148,12,122,74
HONDA,CR-V,2003,148,12,123,260
HONDA,CR-V,2004,148,12,124,454
HONDA,CR-V,2005,148,12,125,669
HONDA,CR-V,2006,148,12,126,874
HONDA,CR-V,2007,148,12,127,1081
HONDA,CR-V,2008,148,12,128,1293
HONDA,CR-V,2009,148,12,129,1511
HONDA,CR-V,2010,148,12,130,1722
HONDA,CR-V,2011,148,12,131,1911
HONDA,CR-V,2012,148,12,132,2096
HONDA,CR-V,2013,148,12,133,2282
HONDA,CR-Z,2011,149,12,131,1912
HONDA,CR-Z,2012,149,12,132,2097
HONDA,CR-Z,2013,149,12,133,2283
HONDA,CROSSTOUR,2010,150,12,130,1723
HONDA,CROSSTOUR,2011,150,12,131,1913
HONDA,CROSSTOUR,2013,150,12,133,2284
HONDA,ELEMENT,2003,151,12,123,261
HONDA,ELEMENT,2004,151,12,124,455
HONDA,ELEMENT,2005,151,12,125,670
HONDA,ELEMENT,2007,151,12,127,1082
HONDA,ELEMENT,2008,151,12,128,1294
HONDA,ELEMENT,2009,151,12,129,1512
HONDA,ELEMENT,2010,151,12,130,1724
HONDA,ELEMENT,2011,151,12,131,1914
HONDA,FIT,2007,152,12,127,1083
HONDA,FIT,2008,152,12,128,1295
HONDA,FIT,2009,152,12,129,1513
HONDA,FIT,2010,152,12,130,1725
HONDA,FIT,2011,152,12,131,1915
HONDA,FIT,2012,152,12,132,2098
HONDA,FIT,2013,152,12,133,2285
HONDA,INSIGHT,2002,153,12,122,75
HONDA,INSIGHT,2003,153,12,123,262
HONDA,INSIGHT,2004,153,12,124,456
HONDA,INSIGHT,2005,153,12,125,671
HONDA,INSIGHT,2006,153,12,126,875
HONDA,INSIGHT,2010,153,12,130,1726
HONDA,INSIGHT,2011,153,12,131,1916
HONDA,INSIGHT,2012,153,12,132,2099
HONDA,INSIGHT,2013,153,12,133,2286
HONDA,ODYSSEY,2002,154,12,122,76
HONDA,ODYSSEY,2003,154,12,123,263
HONDA,ODYSSEY,2004,154,12,124,457
HONDA,ODYSSEY,2005,154,12,125,672
HONDA,ODYSSEY,2006,154,12,126,876
HONDA,ODYSSEY,2008,154,12,128,1296
HONDA,ODYSSEY,2009,154,12,129,1514
HONDA,ODYSSEY,2010,154,12,130,1727
HONDA,ODYSSEY,2011,154,12,131,1917
HONDA,ODYSSEY,2012,154,12,132,2100
HONDA,ODYSSEY,2013,154,12,133,2287
HONDA,PASSPORT,2002,155,12,122,77
HONDA,PILOT,2003,156,12,123,264
HONDA,PILOT,2004,156,12,124,458
HONDA,PILOT,2005,156,12,125,673
HONDA,PILOT,2006,156,12,126,877
HONDA,PILOT,2007,156,12,127,1084
HONDA,PILOT,2008,156,12,128,1297
HONDA,PILOT,2009,156,12,129,1515
HONDA,PILOT,2010,156,12,130,1728
HONDA,PILOT,2011,156,12,131,1918
HONDA,PILOT,2012,156,12,132,2101
HONDA,PILOT,2013,156,12,133,2288
HONDA,RIDGELINE,2006,157,12,126,878
HONDA,RIDGELINE,2007,157,12,127,1085
HONDA,RIDGELINE,2008,157,12,128,1298
HONDA,RIDGELINE,2009,157,12,129,1516
HONDA,RIDGELINE,2010,157,12,130,1729
HONDA,RIDGELINE,2011,157,12,131,1919
HONDA,RIDGELINE,2012,157,12,132,2102
HONDA,RIDGELINE,2013,157,12,133,2289
HONDA,S2000,2002,158,12,122,78
HONDA,S2000,2003,158,12,123,265
HONDA,S2000,2004,158,12,124,459
HONDA,S2000,2005,158,12,125,674
HONDA,S2000,2006,158,12,126,879
HONDA,S2000,2007,158,12,127,1086
HONDA,S2000,2008,158,12,128,1299
HUMMER,H3,2009,159,13,134,1517
HUMMER,H3T,2009,160,13,134,1518
HYUNDAI,ACCENT,2002,161,14,135,79
HYUNDAI,ACCENT,2003,161,14,136,266
HYUNDAI,ACCENT,2004,161,14,137,460
HYUNDAI,ACCENT,2006,161,14,139,880
HYUNDAI,ACCENT,2008,161,14,141,1300
HYUNDAI,ACCENT,2009,161,14,142,1519
HYUNDAI,ACCENT,2010,161,14,143,1730
HYUNDAI,ACCENT,2012,161,14,145,2103
HYUNDAI,ACCENT,2013,161,14,146,2290
HYUNDAI,AZERA,2007,162,14,140,1087
HYUNDAI,AZERA,2008,162,14,141,1301
HYUNDAI,AZERA,2009,162,14,142,1520
HYUNDAI,AZERA,2010,162,14,143,1731
HYUNDAI,AZERA,2013,162,14,146,2291
HYUNDAI,ELANTRA,2002,163,14,135,80
HYUNDAI,ELANTRA,2003,163,14,136,267
HYUNDAI,ELANTRA,2004,163,14,137,461
HYUNDAI,ELANTRA,2005,163,14,138,675
HYUNDAI,ELANTRA,2006,163,14,139,881
HYUNDAI,ELANTRA,2007,163,14,140,1088
HYUNDAI,ELANTRA,2008,163,14,141,1302
HYUNDAI,ELANTRA,2009,163,14,142,1521
HYUNDAI,ELANTRA,2010,163,14,143,1732
HYUNDAI,ELANTRA,2011,163,14,144,1920
HYUNDAI,ELANTRA,2012,163,14,145,2104
HYUNDAI,ELANTRA,2013,163,14,146,2292
HYUNDAI,ENTOURAGE,2007,164,14,140,1089
HYUNDAI,ENTOURAGE,2008,164,14,141,1303
HYUNDAI,EQUUS,2011,165,14,144,1921
HYUNDAI,EQUUS,2012,165,14,145,2105
HYUNDAI,EQUUS,2013,165,14,146,2293
HYUNDAI,GENESIS,2009,166,14,142,1522
HYUNDAI,GENESIS,2010,166,14,143,1733
HYUNDAI,GENESIS,2011,166,14,144,1922
HYUNDAI,GENESIS,2012,166,14,145,2106
HYUNDAI,GENESIS,2013,166,14,146,2294
HYUNDAI,SANTA FE,2002,167,14,135,81
HYUNDAI,SANTA FE,2003,167,14,136,268
HYUNDAI,SANTA FE,2004,167,14,137,462
HYUNDAI,SANTA FE,2005,167,14,138,676
HYUNDAI,SANTA FE,2006,167,14,139,882
HYUNDAI,SANTA FE,2007,167,14,140,1090
HYUNDAI,SANTA FE,2008,167,14,141,1304
HYUNDAI,SANTA FE,2009,167,14,142,1523
HYUNDAI,SANTA FE,2010,167,14,143,1734
HYUNDAI,SANTA FE,2011,167,14,144,1923
HYUNDAI,SANTA FE,2012,167,14,145,2107
HYUNDAI,SANTA FE,2013,167,14,146,2295
HYUNDAI,SONATA,2002,168,14,135,82
HYUNDAI,SONATA,2003,168,14,136,269
HYUNDAI,SONATA,2004,168,14,137,463
HYUNDAI,SONATA,2005,168,14,138,677
HYUNDAI,SONATA,2006,168,14,139,883
HYUNDAI,SONATA,2007,168,14,140,1091
HYUNDAI,SONATA,2008,168,14,141,1305
HYUNDAI,SONATA,2009,168,14,142,1524
HYUNDAI,SONATA,2010,168,14,143,1735
HYUNDAI,SONATA,2011,168,14,144,1924
HYUNDAI,SONATA,2012,168,14,145,2108
HYUNDAI,SONATA,2013,168,14,146,2296
HYUNDAI,TIBURON,2003,169,14,136,270
HYUNDAI,TIBURON,2004,169,14,137,464
HYUNDAI,TIBURON,2005,169,14,138,678
HYUNDAI,TIBURON,2007,169,14,140,1092
HYUNDAI,TIBURON,2008,169,14,141,1306
HYUNDAI,TUCSON,2005,170,14,138,679
HYUNDAI,TUCSON,2006,170,14,139,884
HYUNDAI,TUCSON,2007,170,14,140,1093
HYUNDAI,TUCSON,2008,170,14,141,1307
HYUNDAI,TUCSON,2009,170,14,142,1525
HYUNDAI,TUCSON,2010,170,14,143,1736
HYUNDAI,TUCSON,2012,170,14,145,2109
HYUNDAI,TUCSON,2013,170,14,146,2297
HYUNDAI,VELOSTER,2012,171,14,145,2110
HYUNDAI,VELOSTER,2013,171,14,146,2298
HYUNDAI,VERACRUZ,2008,172,14,141,1308
HYUNDAI,VERACRUZ,2009,172,14,142,1526
HYUNDAI,VERACRUZ,2010,172,14,143,1737
HYUNDAI,VERACRUZ,2011,172,14,144,1925
HYUNDAI,XG350,2002,173,14,135,83
HYUNDAI,XG350,2003,173,14,136,271
HYUNDAI,XG350,2004,173,14,137,465
HYUNDAI,XG350,2005,173,14,138,680
INFINITI,EX,2008,174,15,153,1309
INFINITI,EX,2010,174,15,155,1738
INFINITI,EX,2011,174,15,156,1926
INFINITI,FX,2003,175,15,148,272
INFINITI,FX,2004,175,15,149,466
INFINITI,FX,2005,175,15,150,681
INFINITI,FX,2006,175,15,151,885
INFINITI,FX,2007,175,15,152,1094
INFINITI,FX,2008,175,15,153,1310
INFINITI,FX,2009,175,15,154,1527
INFINITI,FX,2010,175,15,155,1739
INFINITI,FX,2011,175,15,156,1927
INFINITI,FX,2012,175,15,157,2111
INFINITI,FX,2013,175,15,158,2299
INFINITI,G20,2002,176,15,147,84
INFINITI,G35/37,2006,177,15,151,886
INFINITI,G35/37,2007,177,15,152,1095
INFINITI,G35/37,2008,177,15,153,1311
INFINITI,G35/37,2009,177,15,154,1528
INFINITI,G35/37,2010,177,15,155,1740
INFINITI,G35/37,2011,177,15,156,1928
INFINITI,G35/37,2012,177,15,157,2112
INFINITI,G35/37,2013,177,15,158,2300
INFINITI,I35,2002,178,15,147,85
INFINITI,I35,2003,178,15,148,273
INFINITI,I35,2004,178,15,149,467
INFINITI,JX,2013,179,15,158,2301
INFINITI,M35/45,2003,180,15,148,274
INFINITI,M35/45,2004,180,15,149,468
INFINITI,M35/45,2006,180,15,151,887
INFINITI,M35/45,2007,180,15,152,1096
INFINITI,M35/45,2009,180,15,154,1529
INFINITI,M35/45,2010,180,15,155,1741
INFINITI,M35/45,2011,180,15,156,1929
INFINITI,M35/45,2013,180,15,158,2302
INFINITI,Q45,2002,181,15,147,86
INFINITI,Q45,2003,181,15,148,275
INFINITI,Q45,2004,181,15,149,469
INFINITI,Q45,2005,181,15,150,682
INFINITI,Q45,2006,181,15,151,888
INFINITI,QX4,2002,182,15,147,87
INFINITI,QX4,2003,182,15,148,276
INFINITI,QX56,2004,183,15,149,470
INFINITI,QX56,2005,183,15,150,683
INFINITI,QX56,2007,183,15,152,1097
INFINITI,QX56,2008,183,15,153,1312
INFINITI,QX56,2009,183,15,154,1530
INFINITI,QX56,2010,183,15,155,1742
INFINITI,QX56,2011,183,15,156,1930
INFINITI,QX56,2012,183,15,157,2113
INFINITI,QX56,2013,183,15,158,2303
ISUZU,ASCENDER,2003,184,16,160,277
ISUZU,ASCENDER,2004,184,16,161,471
ISUZU,ASCENDER,2006,184,16,162,889
ISUZU,ASCENDER,2007,184,16,163,1098
ISUZU,AXIOM,2002,185,16,159,88
ISUZU,AXIOM,2003,185,16,160,278
ISUZU,AXIOM,2004,185,16,161,472
ISUZU,RODEO,2002,186,16,159,89
ISUZU,RODEO,2003,186,16,160,279
ISUZU,RODEO,2004,186,16,161,473
ISUZU,TROOPER,2002,187,16,159,90
ISUZU,i-SERIES,2006,188,16,162,890
ISUZU,i-SERIES,2007,188,16,163,1099
JAGUAR,S-TYPE,2002,189,17,164,91
JAGUAR,S-TYPE,2004,189,17,166,474
JAGUAR,S-TYPE,2005,189,17,167,684
JAGUAR,S-TYPE,2006,189,17,168,891
JAGUAR,S-TYPE,2007,189,17,169,1100
JAGUAR,X-TYPE,2002,190,17,164,92
JAGUAR,X-TYPE,2003,190,17,165,280
JAGUAR,X-TYPE,2004,190,17,166,475
JAGUAR,X-TYPE,2005,190,17,167,685
JAGUAR,X-TYPE,2006,190,17,168,892
JAGUAR,X-TYPE,2007,190,17,169,1101
JAGUAR,X-TYPE,2008,190,17,170,1313
JAGUAR,XF,2009,191,17,171,1531
JAGUAR,XF,2010,191,17,172,1743
JAGUAR,XF,2011,191,17,173,1931
JAGUAR,XF,2013,191,17,174,2304
JAGUAR,XJ6/8,2002,192,17,164,93
JAGUAR,XJ6/8,2003,192,17,165,281
JAGUAR,XJ6/8,2004,192,17,166,476
JAGUAR,XJ6/8,2005,192,17,167,686
JAGUAR,XJ6/8,2006,192,17,168,893
JAGUAR,XJ6/8,2007,192,17,169,1102
JAGUAR,XJ6/8,2008,192,17,170,1314
JAGUAR,XJ6/8,2009,192,17,171,1532
JAGUAR,XJ6/8,2011,192,17,173,1932
JAGUAR,XJ6/8,2013,192,17,174,2305
JAGUAR,XJR,2002,193,17,164,94
JAGUAR,XJR,2003,193,17,165,282
JAGUAR,XJR,2004,193,17,166,477
JAGUAR,XJR,2005,193,17,167,687
JAGUAR,XJR,2006,193,17,168,894
JAGUAR,XK8,2002,194,17,164,95
JAGUAR,XK8,2003,194,17,165,283
JAGUAR,XK8,2004,194,17,166,478
JAGUAR,XK8,2005,194,17,167,688
JAGUAR,XK8,2007,194,17,169,1103
JAGUAR,XK8,2008,194,17,170,1315
JAGUAR,XK8,2009,194,17,171,1533
JAGUAR,XK8,2010,194,17,172,1744
JEEP,COMMANDER,2006,195,18,179,895
JEEP,COMMANDER,2007,195,18,180,1104
JEEP,COMMANDER,2008,195,18,181,1316
JEEP,COMMANDER,2009,195,18,182,1534
JEEP,COMMANDER,2010,195,18,183,1745
JEEP,COMPASS,2007,196,18,180,1105
JEEP,COMPASS,2008,196,18,181,1317
JEEP,COMPASS,2009,196,18,182,1535
JEEP,COMPASS,2010,196,18,183,1746
JEEP,COMPASS,2011,196,18,184,1933
JEEP,COMPASS,2012,196,18,185,2114
JEEP,GRAND CHEROKEE,2002,197,18,175,96
JEEP,GRAND CHEROKEE,2003,197,18,176,284
JEEP,GRAND CHEROKEE,2004,197,18,177,479
JEEP,GRAND CHEROKEE,2005,197,18,178,689
JEEP,GRAND CHEROKEE,2006,197,18,179,896
JEEP,GRAND CHEROKEE,2007,197,18,180,1106
JEEP,GRAND CHEROKEE,2008,197,18,181,1318
JEEP,GRAND CHEROKEE,2009,197,18,182,1536
JEEP,GRAND CHEROKEE,2010,197,18,183,1747
JEEP,GRAND CHEROKEE,2011,197,18,184,1934
JEEP,GRAND CHEROKEE,2012,197,18,185,2115
JEEP,GRAND CHEROKEE,2013,197,18,186,2306
JEEP,LIBERTY,2002,198,18,175,97
JEEP,LIBERTY,2004,198,18,177,480
JEEP,LIBERTY,2005,198,18,178,690
JEEP,LIBERTY,2007,198,18,180,1107
JEEP,LIBERTY,2008,198,18,181,1319
JEEP,LIBERTY,2009,198,18,182,1537
JEEP,LIBERTY,2010,198,18,183,1748
JEEP,LIBERTY,2011,198,18,184,1935
JEEP,LIBERTY,2012,198,18,185,2116
JEEP,PATRIOT,2008,199,18,181,1320
JEEP,PATRIOT,2009,199,18,182,1538
JEEP,PATRIOT,2010,199,18,183,1749
JEEP,PATRIOT,2011,199,18,184,1936
JEEP,PATRIOT,2012,199,18,185,2117
JEEP,PATRIOT,2013,199,18,186,2307
JEEP,WRANGLER,2002,200,18,175,98
JEEP,WRANGLER,2003,200,18,176,285
JEEP,WRANGLER,2005,200,18,178,691
JEEP,WRANGLER,2006,200,18,179,897
JEEP,WRANGLER,2007,200,18,180,1108
JEEP,WRANGLER,2008,200,18,181,1321
JEEP,WRANGLER,2009,200,18,182,1539
JEEP,WRANGLER,2010,200,18,183,1750
JEEP,WRANGLER,2011,200,18,184,1937
JEEP,WRANGLER,2012,200,18,185,2118
JEEP,WRANGLER,2013,200,18,186,2308
KIA,AMANTI,2005,201,19,190,692
KIA,AMANTI,2007,201,19,192,1109
KIA,AMANTI,2008,201,19,193,1322
KIA,AMANTI,2009,201,19,194,1540
KIA,BORREGO,2009,202,19,194,1541
KIA,FORTE,2010,203,19,195,1751
KIA,FORTE,2011,203,19,196,1938
KIA,FORTE,2012,203,19,197,2119
KIA,FORTE,2013,203,19,198,2309
KIA,OPTIMA,2003,204,19,188,286
KIA,OPTIMA,2004,204,19,189,481
KIA,OPTIMA,2005,204,19,190,693
KIA,OPTIMA,2006,204,19,191,898
KIA,OPTIMA,2007,204,19,192,1110
KIA,OPTIMA,2008,204,19,193,1323
KIA,OPTIMA,2009,204,19,194,1542
KIA,OPTIMA,2010,204,19,195,1752
KIA,OPTIMA,2011,204,19,196,1939
KIA,OPTIMA,2012,204,19,197,2120
KIA,OPTIMA,2013,204,19,198,2310
KIA,RIO,2002,205,19,187,99
KIA,RIO,2003,205,19,188,287
KIA,RIO,2004,205,19,189,482
KIA,RIO,2005,205,19,190,694
KIA,RIO,2006,205,19,191,899
KIA,RIO,2007,205,19,192,1111
KIA,RIO,2008,205,19,193,1324
KIA,RIO,2010,205,19,195,1753
KIA,RIO,2011,205,19,196,1940
KIA,RONDO,2008,206,19,193,1325
KIA,RONDO,2009,206,19,194,1543
KIA,SEDONA,2002,207,19,187,100
KIA,SEDONA,2003,207,19,188,288
KIA,SEDONA,2004,207,19,189,483
KIA,SEDONA,2005,207,19,190,695
KIA,SEDONA,2006,207,19,191,900
KIA,SEDONA,2007,207,19,192,1112
KIA,SEDONA,2008,207,19,193,1326
KIA,SEDONA,2010,207,19,195,1754
KIA,SEDONA,2011,207,19,196,1941
KIA,SEDONA,2012,207,19,197,2121
KIA,SORENTO,2003,208,19,188,289
KIA,SORENTO,2004,208,19,189,484
KIA,SORENTO,2005,208,19,190,696
KIA,SORENTO,2006,208,19,191,901
KIA,SORENTO,2007,208,19,192,1113
KIA,SORENTO,2008,208,19,193,1327
KIA,SORENTO,2011,208,19,196,1942
KIA,SORENTO,2012,208,19,197,2122
KIA,SORENTO,2013,208,19,198,2311
KIA,SOUL,2010,209,19,195,1755
KIA,SOUL,2011,209,19,196,1943
KIA,SOUL,2012,209,19,197,2123
KIA,SOUL,2013,209,19,198,2312
KIA,SPECTRA,2002,210,19,187,101
KIA,SPECTRA,2003,210,19,188,290
KIA,SPECTRA,2004,210,19,189,485
KIA,SPECTRA,2005,210,19,190,697
KIA,SPECTRA,2006,210,19,191,902
KIA,SPECTRA,2007,210,19,192,1114
KIA,SPECTRA,2008,210,19,193,1328
KIA,SPECTRA,2009,210,19,194,1544
KIA,SPORTAGE,2002,211,19,187,102
KIA,SPORTAGE,2006,211,19,191,903
KIA,SPORTAGE,2007,211,19,192,1115
KIA,SPORTAGE,2008,211,19,193,1329
KIA,SPORTAGE,2009,211,19,194,1545
KIA,SPORTAGE,2010,211,19,195,1756
KIA,SPORTAGE,2011,211,19,196,1944
KIA,SPORTAGE,2012,211,19,197,2124
KIA,SPORTAGE,2013,211,19,198,2313
LAND ROVER,DISCOVERY,2002,212,20,199,103
LAND ROVER,DISCOVERY,2003,212,20,200,291
LAND ROVER,DISCOVERY,2004,212,20,201,486
LAND ROVER,FREELANDER,2003,213,20,200,292
LAND ROVER,FREELANDER,2004,213,20,201,487
LAND ROVER,FREELANDER,2005,213,20,202,698
LAND ROVER,LR2,2008,214,20,205,1330
LAND ROVER,LR2,2009,214,20,206,1546
LAND ROVER,LR2,2010,214,20,207,1757
LAND ROVER,LR3,2005,215,20,202,699
LAND ROVER,LR3,2006,215,20,203,904
LAND ROVER,LR3,2008,215,20,205,1331
LAND ROVER,LR4,2010,216,20,207,1758
LAND ROVER,LR4,2011,216,20,208,1945
LAND ROVER,RANGE ROVER,2002,217,20,199,104
LAND ROVER,RANGE ROVER,2003,217,20,200,293
LAND ROVER,RANGE ROVER,2004,217,20,201,488
LAND ROVER,RANGE ROVER,2005,217,20,202,700
LAND ROVER,RANGE ROVER,2006,217,20,203,905
LAND ROVER,RANGE ROVER,2007,217,20,204,1116
LAND ROVER,RANGE ROVER,2008,217,20,205,1332
LAND ROVER,RANGE ROVER,2009,217,20,206,1547
LAND ROVER,RANGE ROVER,2010,217,20,207,1759
LAND ROVER,RANGE ROVER,2011,217,20,208,1946
LAND ROVER,RANGE ROVER,2012,217,20,209,2125
LAND ROVER,RANGE ROVER SPORT,2007,218,20,204,1117
LAND ROVER,RANGE ROVER SPORT,2008,218,20,205,1333
LAND ROVER,RANGE ROVER SPORT,2009,218,20,206,1548
LAND ROVER,RANGE ROVER SPORT,2010,218,20,207,1760
LAND ROVER,RANGE ROVER SPORT,2011,218,20,208,1947
LAND ROVER,RANGE ROVER SPORT,2012,218,20,209,2126
LEXUS,CT200,2011,219,21,219,1948
LEXUS,CT200,2012,219,21,220,2127
LEXUS,CT200,2013,219,21,221,2314
LEXUS,ES300,2002,220,21,210,105
LEXUS,ES300,2003,220,21,211,294
LEXUS,ES300,2013,220,21,221,2315
LEXUS,ES330,2004,221,21,212,489
LEXUS,ES330,2005,221,21,213,701
LEXUS,ES330,2006,221,21,214,906
LEXUS,ES350,2007,222,21,215,1118
LEXUS,ES350,2009,222,21,217,1549
LEXUS,ES350,2010,222,21,218,1761
LEXUS,ES350,2011,222,21,219,1949
LEXUS,ES350,2012,222,21,220,2128
LEXUS,ES350,2013,222,21,221,2316
LEXUS,GS300,2002,223,21,210,106
LEXUS,GS300,2003,223,21,211,295
LEXUS,GS300,2004,223,21,212,490
LEXUS,GS300,2005,223,21,213,702
LEXUS,GS300,2006,223,21,214,907
LEXUS,GS350,2007,224,21,215,1119
LEXUS,GS350,2008,224,21,216,1334
LEXUS,GS350,2009,224,21,217,1550
LEXUS,GS350,2010,224,21,218,1762
LEXUS,GS350,2013,224,21,221,2317
LEXUS,GS430/460,2002,225,21,210,107
LEXUS,GS430/460,2003,225,21,211,296
LEXUS,GS430/460,2004,225,21,212,491
LEXUS,GS430/460,2005,225,21,213,703
LEXUS,GS430/460,2006,225,21,214,908
LEXUS,GS430/460,2007,225,21,215,1120
LEXUS,GS430/460,2008,225,21,216,1335
LEXUS,GS450,2007,226,21,215,1121
LEXUS,GS450,2009,226,21,217,1551
LEXUS,GS450,2013,226,21,221,2318
LEXUS,GX460/470,2003,227,21,211,297
LEXUS,GX460/470,2004,227,21,212,492
LEXUS,GX460/470,2005,227,21,213,704
LEXUS,GX460/470,2006,227,21,214,909
LEXUS,GX460/470,2007,227,21,215,1122
LEXUS,GX460/470,2008,227,21,216,1336
LEXUS,GX460/470,2009,227,21,217,1552
LEXUS,GX460/470,2011,227,21,219,1950
LEXUS,HS250,2010,228,21,218,1763
LEXUS,IS250/350,2006,229,21,214,910
LEXUS,IS250/350,2007,229,21,215,1123
LEXUS,IS250/350,2008,229,21,216,1337
LEXUS,IS250/350,2009,229,21,217,1553
LEXUS,IS250/350,2010,229,21,218,1764
LEXUS,IS250/350,2011,229,21,219,1951
LEXUS,IS250/350,2012,229,21,220,2129
LEXUS,IS300,2002,230,21,210,108
LEXUS,IS300,2003,230,21,211,298
LEXUS,IS300,2004,230,21,212,493
LEXUS,IS300,2005,230,21,213,705
LEXUS,LS430/460,2002,231,21,210,109
LEXUS,LS430/460,2003,231,21,211,299
LEXUS,LS430/460,2004,231,21,212,494
LEXUS,LS430/460,2005,231,21,213,706
LEXUS,LS430/460,2006,231,21,214,911
LEXUS,LS430/460,2007,231,21,215,1124
LEXUS,LS430/460,2008,231,21,216,1338
LEXUS,LS430/460,2009,231,21,217,1554
LEXUS,LS430/460,2010,231,21,218,1765
LEXUS,LS430/460,2011,231,21,219,1952
LEXUS,LS430/460,2012,231,21,220,2130
LEXUS,LS430/460,2013,231,21,221,2319
LEXUS,LS600,2008,232,21,216,1339
LEXUS,LX470,2002,233,21,210,110
LEXUS,LX470,2004,233,21,212,495
LEXUS,LX470,2005,233,21,213,707
LEXUS,LX470,2006,233,21,214,912
LEXUS,LX470,2007,233,21,215,1125
LEXUS,LX570,2010,234,21,218,1766
LEXUS,LX570,2011,234,21,219,1953
LEXUS,LX570,2013,234,21,221,2320
LEXUS,RX300,2002,235,21,210,111
LEXUS,RX300,2003,235,21,211,300
LEXUS,RX330,2004,236,21,212,496
LEXUS,RX330,2005,236,21,213,708
LEXUS,RX330,2006,236,21,214,913
LEXUS,RX350,2007,237,21,215,1126
LEXUS,RX350,2008,237,21,216,1340
LEXUS,RX350,2009,237,21,217,1555
LEXUS,RX350,2010,237,21,218,1767
LEXUS,RX350,2011,237,21,219,1954
LEXUS,RX350,2012,237,21,220,2131
LEXUS,RX350,2013,237,21,221,2321
LEXUS,RX400,2006,238,21,214,914
LEXUS,RX400,2007,238,21,215,1127
LEXUS,RX400,2008,238,21,216,1341
LEXUS,RX450,2010,239,21,218,1768
LEXUS,RX450,2011,239,21,219,1955
LEXUS,RX450,2012,239,21,220,2132
LEXUS,RX450,2013,239,21,221,2322
LEXUS,SC430,2002,240,21,210,112
LEXUS,SC430,2003,240,21,211,301
LEXUS,SC430,2004,240,21,212,497
LEXUS,SC430,2005,240,21,213,709
LEXUS,SC430,2006,240,21,214,915
LEXUS,SC430,2007,240,21,215,1128
LEXUS,SC430,2008,240,21,216,1342
LINCOLN,AVIATOR,2003,241,22,223,302
LINCOLN,AVIATOR,2004,241,22,224,498
LINCOLN,AVIATOR,2005,241,22,225,710
LINCOLN,BLACKWOOD,2002,242,22,222,113
LINCOLN,CONTINENTAL,2002,243,22,222,114
LINCOLN,LS,2002,244,22,222,115
LINCOLN,LS,2003,244,22,223,303
LINCOLN,LS,2004,244,22,224,499
LINCOLN,LS,2005,244,22,225,711
LINCOLN,LS,2006,244,22,226,916
LINCOLN,MARK LT,2006,245,22,226,917
LINCOLN,MARK LT,2007,245,22,227,1129
LINCOLN,MKS,2009,246,22,229,1556
LINCOLN,MKS,2010,246,22,230,1769
LINCOLN,MKS,2011,246,22,231,1956
LINCOLN,MKS,2012,246,22,232,2133
LINCOLN,MKS,2013,246,22,233,2323
LINCOLN,MKT,2010,247,22,230,1770
LINCOLN,MKT,2011,247,22,231,1957
LINCOLN,MKT,2012,247,22,232,2134
LINCOLN,MKX,2008,248,22,228,1343
LINCOLN,MKX,2009,248,22,229,1557
LINCOLN,MKX,2010,248,22,230,1771
LINCOLN,MKX,2012,248,22,232,2135
LINCOLN,MKX,2013,248,22,233,2324
LINCOLN,MKZ,2007,249,22,227,1130
LINCOLN,MKZ,2008,249,22,228,1344
LINCOLN,MKZ,2009,249,22,229,1558
LINCOLN,MKZ,2010,249,22,230,1772
LINCOLN,MKZ,2011,249,22,231,1958
LINCOLN,MKZ,2012,249,22,232,2136
LINCOLN,NAVIGATOR,2002,250,22,222,116
LINCOLN,NAVIGATOR,2004,250,22,224,500
LINCOLN,NAVIGATOR,2005,250,22,225,712
LINCOLN,NAVIGATOR,2006,250,22,226,918
LINCOLN,NAVIGATOR,2007,250,22,227,1131
LINCOLN,NAVIGATOR,2008,250,22,228,1345
LINCOLN,NAVIGATOR,2009,250,22,229,1559
LINCOLN,NAVIGATOR,2010,250,22,230,1773
LINCOLN,NAVIGATOR,2011,250,22,231,1959
LINCOLN,NAVIGATOR,2012,250,22,232,2137
LINCOLN,TOWN CAR,2002,251,22,222,117
LINCOLN,TOWN CAR,2003,251,22,223,304
LINCOLN,TOWN CAR,2004,251,22,224,501
LINCOLN,TOWN CAR,2005,251,22,225,713
LINCOLN,TOWN CAR,2006,251,22,226,919
LINCOLN,TOWN CAR,2007,251,22,227,1132
LINCOLN,TOWN CAR,2008,251,22,228,1346
LINCOLN,TOWN CAR,2009,251,22,229,1560
LINCOLN,TOWN CAR,2010,251,22,230,1774
MAZDA,626,2002,252,23,234,118
MAZDA,B SERIES,2004,253,23,236,502
MAZDA,B SERIES,2005,253,23,237,714
MAZDA,B SERIES,2007,253,23,239,1133
MAZDA,B SERIES,2008,253,23,240,1347
MAZDA,CX-7,2007,254,23,239,1134
MAZDA,CX-7,2008,254,23,240,1348
MAZDA,CX-7,2009,254,23,241,1561
MAZDA,CX-7,2010,254,23,242,1775
MAZDA,CX-7,2011,254,23,243,1960
MAZDA,CX-7,2012,254,23,244,2138
MAZDA,CX-9,2008,255,23,240,1349
MAZDA,CX-9,2009,255,23,241,1562
MAZDA,CX-9,2010,255,23,242,1776
MAZDA,CX-9,2011,255,23,243,1961
MAZDA,CX-9,2012,255,23,244,2139
MAZDA,CX-9,2013,255,23,245,2325
MAZDA,MAZDA2,2011,256,23,243,1962
MAZDA,MAZDA2,2012,256,23,244,2140
MAZDA,MAZDA2,2013,256,23,245,2326
MAZDA,MAZDA3,2004,257,23,236,503
MAZDA,MAZDA3,2005,257,23,237,715
MAZDA,MAZDA3,2006,257,23,238,920
MAZDA,MAZDA3,2007,257,23,239,1135
MAZDA,MAZDA3,2008,257,23,240,1350
MAZDA,MAZDA3,2009,257,23,241,1563
MAZDA,MAZDA3,2010,257,23,242,1777
MAZDA,MAZDA3,2011,257,23,243,1963
MAZDA,MAZDA3,2012,257,23,244,2141
MAZDA,MAZDA3,2013,257,23,245,2327
MAZDA,MAZDA5,2006,258,23,238,921
MAZDA,MAZDA5,2007,258,23,239,1136
MAZDA,MAZDA5,2008,258,23,240,1351
MAZDA,MAZDA5,2009,258,23,241,1564
MAZDA,MAZDA5,2010,258,23,242,1778
MAZDA,MAZDA5,2012,258,23,244,2142
MAZDA,MAZDA5,2013,258,23,245,2328
MAZDA,MAZDA6,2003,259,23,235,305
MAZDA,MAZDA6,2004,259,23,236,504
MAZDA,MAZDA6,2005,259,23,237,716
MAZDA,MAZDA6,2006,259,23,238,922
MAZDA,MAZDA6,2007,259,23,239,1137
MAZDA,MAZDA6,2008,259,23,240,1352
MAZDA,MAZDA6,2009,259,23,241,1565
MAZDA,MAZDA6,2010,259,23,242,1779
MAZDA,MAZDA6,2011,259,23,243,1964
MAZDA,MAZDA6,2012,259,23,244,2143
MAZDA,MILLENIA,2002,260,23,234,119
MAZDA,MPV PASS VAN,2002,261,23,234,120
MAZDA,MPV PASS VAN,2003,261,23,235,306
MAZDA,MPV PASS VAN,2004,261,23,236,505
MAZDA,MPV PASS VAN,2005,261,23,237,717
MAZDA,MPV PASS VAN,2006,261,23,238,923
MAZDA,MX-5 MIATA,2002,262,23,234,121
MAZDA,MX-5 MIATA,2003,262,23,235,307
MAZDA,MX-5 MIATA,2004,262,23,236,506
MAZDA,MX-5 MIATA,2005,262,23,237,718
MAZDA,MX-5 MIATA,2006,262,23,238,924
MAZDA,MX-5 MIATA,2007,262,23,239,1138
MAZDA,MX-5 MIATA,2008,262,23,240,1353
MAZDA,MX-5 MIATA,2009,262,23,241,1566
MAZDA,MX-5 MIATA,2010,262,23,242,1780
MAZDA,MX-5 MIATA,2011,262,23,243,1965
MAZDA,MX-5 MIATA,2012,262,23,244,2144
MAZDA,MX-5 MIATA,2013,262,23,245,2329
MAZDA,PROTEGE,2002,263,23,234,122
MAZDA,PROTEGE,2003,263,23,235,308
MAZDA,RX-8,2005,264,23,237,719
MAZDA,RX-8,2006,264,23,238,925
MAZDA,RX-8,2007,264,23,239,1139
MAZDA,RX-8,2008,264,23,240,1354
MAZDA,RX-8,2009,264,23,241,1567
MAZDA,RX-8,2010,264,23,242,1781
MAZDA,RX-8,2011,264,23,243,1966
MAZDA,TRIBUTE,2002,265,23,234,123
MAZDA,TRIBUTE,2003,265,23,235,309
MAZDA,TRIBUTE,2004,265,23,236,507
MAZDA,TRIBUTE,2005,265,23,237,720
MAZDA,TRIBUTE,2006,265,23,238,926
MAZDA,TRIBUTE,2008,265,23,240,1355
MAZDA,TRIBUTE,2009,265,23,241,1568
MAZDA,TRIBUTE,2010,265,23,242,1782
MERCEDES-BENZ,C CLASS,2002,266,24,246,124
MERCEDES-BENZ,C CLASS,2004,266,24,248,508
MERCEDES-BENZ,C CLASS,2005,266,24,249,721
MERCEDES-BENZ,C CLASS,2006,266,24,250,927
MERCEDES-BENZ,C CLASS,2007,266,24,251,1140
MERCEDES-BENZ,C CLASS,2008,266,24,252,1356
MERCEDES-BENZ,C CLASS,2009,266,24,253,1569
MERCEDES-BENZ,C CLASS,2010,266,24,254,1783
MERCEDES-BENZ,C CLASS,2011,266,24,255,1967
MERCEDES-BENZ,C CLASS,2012,266,24,256,2145
MERCEDES-BENZ,C CLASS,2013,266,24,257,2330
MERCEDES-BENZ,CL CLASS,2002,267,24,246,125
MERCEDES-BENZ,CL CLASS,2004,267,24,248,509
MERCEDES-BENZ,CL CLASS,2005,267,24,249,722
MERCEDES-BENZ,CL CLASS,2006,267,24,250,928
MERCEDES-BENZ,CL CLASS,2007,267,24,251,1141
MERCEDES-BENZ,CL CLASS,2008,267,24,252,1357
MERCEDES-BENZ,CL CLASS,2009,267,24,253,1570
MERCEDES-BENZ,CL CLASS,2012,267,24,256,2146
MERCEDES-BENZ,CLK CLASS,2002,268,24,246,126
MERCEDES-BENZ,CLK CLASS,2003,268,24,247,310
MERCEDES-BENZ,CLK CLASS,2004,268,24,248,510
MERCEDES-BENZ,CLK CLASS,2005,268,24,249,723
MERCEDES-BENZ,CLK CLASS,2006,268,24,250,929
MERCEDES-BENZ,CLK CLASS,2007,268,24,251,1142
MERCEDES-BENZ,CLK CLASS,2008,268,24,252,1358
MERCEDES-BENZ,CLK CLASS,2009,268,24,253,1571
MERCEDES-BENZ,E CLASS,2002,269,24,246,127
MERCEDES-BENZ,E CLASS,2003,269,24,247,311
MERCEDES-BENZ,E CLASS,2004,269,24,248,511
MERCEDES-BENZ,E CLASS,2005,269,24,249,724
MERCEDES-BENZ,E CLASS,2006,269,24,250,930
MERCEDES-BENZ,E CLASS,2007,269,24,251,1143
MERCEDES-BENZ,E CLASS,2008,269,24,252,1359
MERCEDES-BENZ,E CLASS,2011,269,24,255,1968
MERCEDES-BENZ,E CLASS,2012,269,24,256,2147
MERCEDES-BENZ,E CLASS,2013,269,24,257,2331
MERCEDES-BENZ,G CLASS,2003,270,24,247,312
MERCEDES-BENZ,G CLASS,2004,270,24,248,512
MERCEDES-BENZ,G CLASS,2005,270,24,249,725
MERCEDES-BENZ,G CLASS,2008,270,24,252,1360
MERCEDES-BENZ,G CLASS,2009,270,24,253,1572
MERCEDES-BENZ,G CLASS,2010,270,24,254,1784
MERCEDES-BENZ,G CLASS,2011,270,24,255,1969
MERCEDES-BENZ,GL CLASS,2007,271,24,251,1144
MERCEDES-BENZ,GL CLASS,2008,271,24,252,1361
MERCEDES-BENZ,GL CLASS,2009,271,24,253,1573
MERCEDES-BENZ,GL CLASS,2010,271,24,254,1785
MERCEDES-BENZ,GL CLASS,2011,271,24,255,1970
MERCEDES-BENZ,GL CLASS,2013,271,24,257,2332
MERCEDES-BENZ,GLK CLASS,2010,272,24,254,1786
MERCEDES-BENZ,GLK CLASS,2011,272,24,255,1971
MERCEDES-BENZ,GLK CLASS,2012,272,24,256,2148
MERCEDES-BENZ,GLK CLASS,2013,272,24,257,2333
MERCEDES-BENZ,M CLASS,2002,273,24,246,128
MERCEDES-BENZ,M CLASS,2003,273,24,247,313
MERCEDES-BENZ,M CLASS,2004,273,24,248,513
MERCEDES-BENZ,M CLASS,2005,273,24,249,726
MERCEDES-BENZ,M CLASS,2006,273,24,250,931
MERCEDES-BENZ,M CLASS,2007,273,24,251,1145
MERCEDES-BENZ,M CLASS,2008,273,24,252,1362
MERCEDES-BENZ,M CLASS,2009,273,24,253,1574
MERCEDES-BENZ,M CLASS,2010,273,24,254,1787
MERCEDES-BENZ,M CLASS,2011,273,24,255,1972
MERCEDES-BENZ,M CLASS,2012,273,24,256,2149
MERCEDES-BENZ,M CLASS,2013,273,24,257,2334
MERCEDES-BENZ,R CLASS,2006,274,24,250,932
MERCEDES-BENZ,R CLASS,2007,274,24,251,1146
MERCEDES-BENZ,R CLASS,2008,274,24,252,1363
MERCEDES-BENZ,R CLASS,2009,274,24,253,1575
MERCEDES-BENZ,R CLASS,2010,274,24,254,1788
MERCEDES-BENZ,R CLASS,2011,274,24,255,1973
MERCEDES-BENZ,R CLASS,2012,274,24,256,2150
MERCEDES-BENZ,S CLASS,2002,275,24,246,129
MERCEDES-BENZ,S CLASS,2003,275,24,247,314
MERCEDES-BENZ,S CLASS,2004,275,24,248,514
MERCEDES-BENZ,S CLASS,2005,275,24,249,727
MERCEDES-BENZ,S CLASS,2006,275,24,250,933
MERCEDES-BENZ,S CLASS,2007,275,24,251,1147
MERCEDES-BENZ,S CLASS,2008,275,24,252,1364
MERCEDES-BENZ,S CLASS,2009,275,24,253,1576
MERCEDES-BENZ,S CLASS,2010,275,24,254,1789
MERCEDES-BENZ,S CLASS,2011,275,24,255,1974
MERCEDES-BENZ,S CLASS,2012,275,24,256,2151
MERCEDES-BENZ,S CLASS,2013,275,24,257,2335
MERCEDES-BENZ,SL CLASS,2002,276,24,246,130
MERCEDES-BENZ,SL CLASS,2003,276,24,247,315
MERCEDES-BENZ,SL CLASS,2004,276,24,248,515
MERCEDES-BENZ,SL CLASS,2005,276,24,249,728
MERCEDES-BENZ,SL CLASS,2006,276,24,250,934
MERCEDES-BENZ,SL CLASS,2007,276,24,251,1148
MERCEDES-BENZ,SL CLASS,2008,276,24,252,1365
MERCEDES-BENZ,SL CLASS,2009,276,24,253,1577
MERCEDES-BENZ,SLK CLASS,2002,277,24,246,131
MERCEDES-BENZ,SLK CLASS,2003,277,24,247,316
MERCEDES-BENZ,SLK CLASS,2004,277,24,248,516
MERCEDES-BENZ,SLK CLASS,2006,277,24,250,935
MERCEDES-BENZ,SLK CLASS,2007,277,24,251,1149
MERCEDES-BENZ,SLK CLASS,2008,277,24,252,1366
MERCEDES-BENZ,SLK CLASS,2009,277,24,253,1578
MERCEDES-BENZ,SLK CLASS,2011,277,24,255,1975
MERCEDES-BENZ,SLK CLASS,2012,277,24,256,2152
MERCEDES-BENZ,SLS CLASS,2012,278,24,256,2153
MERCURY,COUGAR,2002,279,25,258,132
MERCURY,GRAND MARQUIS,2002,280,25,258,133
MERCURY,GRAND MARQUIS,2003,280,25,259,317
MERCURY,GRAND MARQUIS,2004,280,25,260,517
MERCURY,GRAND MARQUIS,2005,280,25,261,729
MERCURY,GRAND MARQUIS,2006,280,25,262,936
MERCURY,GRAND MARQUIS,2007,280,25,263,1150
MERCURY,GRAND MARQUIS,2008,280,25,264,1367
MERCURY,GRAND MARQUIS,2009,280,25,265,1579
MERCURY,GRAND MARQUIS,2010,280,25,266,1790
MERCURY,MARINER,2005,281,25,261,730
MERCURY,MARINER,2006,281,25,262,937
MERCURY,MARINER,2007,281,25,263,1151
MERCURY,MARINER,2008,281,25,264,1368
MERCURY,MARINER,2009,281,25,265,1580
MERCURY,MARINER,2010,281,25,266,1791
MERCURY,MILAN,2006,282,25,262,938
MERCURY,MILAN,2007,282,25,263,1152
MERCURY,MILAN,2008,282,25,264,1369
MERCURY,MILAN,2009,282,25,265,1581
MERCURY,MILAN,2010,282,25,266,1792
MERCURY,MONTEGO,2005,283,25,261,731
MERCURY,MONTEGO,2006,283,25,262,939
MERCURY,MONTEGO,2007,283,25,263,1153
MERCURY,MONTEREY,2004,284,25,260,518
MERCURY,MONTEREY,2005,284,25,261,732
MERCURY,MONTEREY,2006,284,25,262,940
MERCURY,MOUNTAINEER,2002,285,25,258,134
MERCURY,MOUNTAINEER,2003,285,25,259,318
MERCURY,MOUNTAINEER,2004,285,25,260,519
MERCURY,MOUNTAINEER,2005,285,25,261,733
MERCURY,MOUNTAINEER,2006,285,25,262,941
MERCURY,MOUNTAINEER,2007,285,25,263,1154
MERCURY,MOUNTAINEER,2008,285,25,264,1370
MERCURY,MOUNTAINEER,2010,285,25,266,1793
MERCURY,SABLE,2002,286,25,258,135
MERCURY,SABLE,2003,286,25,259,319
MERCURY,SABLE,2004,286,25,260,520
MERCURY,SABLE,2005,286,25,261,734
MERCURY,SABLE,2008,286,25,264,1371
MERCURY,VILLAGER,2002,287,25,258,136
MINI,COOPER,2011,288,26,267,1976
MINI,COOPER,2012,288,26,268,2154
MINI,COOPER,2013,288,26,269,2336
MINI,COUNTRYMAN,2011,289,26,267,1977
MINI,COUNTRYMAN,2012,289,26,268,2155
MINI,COUNTRYMAN,2013,289,26,269,2337
MITSUBISHI,I,2012,290,27,280,2156
MITSUBISHI,LANCER,2002,291,27,270,137
MITSUBISHI,LANCER,2003,291,27,271,320
MITSUBISHI,LANCER,2004,291,27,272,521
MITSUBISHI,LANCER,2005,291,27,273,735
MITSUBISHI,LANCER,2006,291,27,274,942
MITSUBISHI,LANCER,2008,291,27,276,1372
MITSUBISHI,LANCER,2009,291,27,277,1582
MITSUBISHI,LANCER,2010,291,27,278,1794
MITSUBISHI,LANCER,2011,291,27,279,1978
MITSUBISHI,LANCER,2012,291,27,280,2157
MITSUBISHI,MIRAGE,2002,292,27,270,138
MITSUBISHI,MONTERO SPORT,2002,293,27,270,139
MITSUBISHI,MONTERO SPORT,2003,293,27,271,321
MITSUBISHI,MONTERO SPORT,2004,293,27,272,522
MITSUBISHI,OUTLANDER,2003,294,27,271,322
MITSUBISHI,OUTLANDER,2004,294,27,272,523
MITSUBISHI,OUTLANDER,2005,294,27,273,736
MITSUBISHI,OUTLANDER,2006,294,27,274,943
MITSUBISHI,OUTLANDER,2007,294,27,275,1155
MITSUBISHI,OUTLANDER,2008,294,27,276,1373
MITSUBISHI,OUTLANDER,2009,294,27,277,1583
MITSUBISHI,OUTLANDER,2010,294,27,278,1795
MITSUBISHI,OUTLANDER,2011,294,27,279,1979
MITSUBISHI,OUTLANDER,2012,294,27,280,2158
MITSUBISHI,OUTLANDER SPORT,2011,295,27,279,1980
MITSUBISHI,OUTLANDER SPORT,2012,295,27,280,2159
MITSUBISHI,RAIDER,2006,296,27,274,944
MITSUBISHI,RAIDER,2007,296,27,275,1156
NISSAN,350Z,2003,297,28,282,323
NISSAN,350Z,2004,297,28,283,524
NISSAN,350Z,2006,297,28,285,945
NISSAN,350Z,2007,297,28,286,1157
NISSAN,350Z,2008,297,28,287,1374
NISSAN,370Z,2009,298,28,288,1584
NISSAN,370Z,2010,298,28,289,1796
NISSAN,370Z,2012,298,28,291,2160
NISSAN,ALTIMA,2002,299,28,281,140
NISSAN,ALTIMA,2003,299,28,282,324
NISSAN,ALTIMA,2004,299,28,283,525
NISSAN,ALTIMA,2005,299,28,284,737
NISSAN,ALTIMA,2006,299,28,285,946
NISSAN,ALTIMA,2007,299,28,286,1158
NISSAN,ALTIMA,2008,299,28,287,1375
NISSAN,ALTIMA,2009,299,28,288,1585
NISSAN,ALTIMA,2010,299,28,289,1797
NISSAN,ALTIMA,2011,299,28,290,1981
NISSAN,ALTIMA,2012,299,28,291,2161
NISSAN,ALTIMA,2013,299,28,292,2338
NISSAN,ARMADA,2004,300,28,283,526
NISSAN,ARMADA,2005,300,28,284,738
NISSAN,ARMADA,2006,300,28,285,947
NISSAN,ARMADA,2007,300,28,286,1159
NISSAN,ARMADA,2008,300,28,287,1376
NISSAN,ARMADA,2009,300,28,288,1586
NISSAN,ARMADA,2010,300,28,289,1798
NISSAN,ARMADA,2011,300,28,290,1982
NISSAN,ARMADA,2012,300,28,291,2162
NISSAN,CUBE,2010,301,28,289,1799
NISSAN,CUBE,2011,301,28,290,1983
NISSAN,CUBE,2012,301,28,291,2163
NISSAN,FRONTIER,2002,302,28,281,141
NISSAN,FRONTIER,2003,302,28,282,325
NISSAN,FRONTIER,2004,302,28,283,527
NISSAN,FRONTIER,2005,302,28,284,739
NISSAN,FRONTIER,2006,302,28,285,948
NISSAN,FRONTIER,2007,302,28,286,1160
NISSAN,FRONTIER,2008,302,28,287,1377
NISSAN,FRONTIER,2009,302,28,288,1587
NISSAN,FRONTIER,2010,302,28,289,1800
NISSAN,FRONTIER,2011,302,28,290,1984
NISSAN,FRONTIER,2012,302,28,291,2164
NISSAN,FRONTIER,2013,302,28,292,2339
NISSAN,GT-R,2009,303,28,288,1588
NISSAN,GT-R,2010,303,28,289,1801
NISSAN,JUKE,2011,304,28,290,1985
NISSAN,JUKE,2012,304,28,291,2165
NISSAN,JUKE,2013,304,28,292,2340
NISSAN,LEAF,2012,305,28,291,2166
NISSAN,LEAF,2013,305,28,292,2341
NISSAN,MAXIMA,2002,306,28,281,142
NISSAN,MAXIMA,2003,306,28,282,326
NISSAN,MAXIMA,2004,306,28,283,528
NISSAN,MAXIMA,2005,306,28,284,740
NISSAN,MAXIMA,2006,306,28,285,949
NISSAN,MAXIMA,2007,306,28,286,1161
NISSAN,MAXIMA,2008,306,28,287,1378
NISSAN,MAXIMA,2009,306,28,288,1589
NISSAN,MAXIMA,2010,306,28,289,1802
NISSAN,MAXIMA,2011,306,28,290,1986
NISSAN,MAXIMA,2012,306,28,291,2167
NISSAN,MAXIMA,2013,306,28,292,2342
NISSAN,MURANO,2003,307,28,282,327
NISSAN,MURANO,2004,307,28,283,529
NISSAN,MURANO,2005,307,28,284,741
NISSAN,MURANO,2006,307,28,285,950
NISSAN,MURANO,2007,307,28,286,1162
NISSAN,MURANO,2009,307,28,288,1590
NISSAN,MURANO,2010,307,28,289,1803
NISSAN,MURANO,2011,307,28,290,1987
NISSAN,MURANO,2012,307,28,291,2168
NISSAN,MURANO,2013,307,28,292,2343
NISSAN,PATHFINDER,2005,308,28,284,742
NISSAN,PATHFINDER,2006,308,28,285,951
NISSAN,PATHFINDER,2007,308,28,286,1163
NISSAN,PATHFINDER,2008,308,28,287,1379
NISSAN,PATHFINDER,2009,308,28,288,1591
NISSAN,PATHFINDER,2010,308,28,289,1804
NISSAN,PATHFINDER,2011,308,28,290,1988
NISSAN,PATHFINDER,2012,308,28,291,2169
NISSAN,PATHFINDER,2013,308,28,292,2344
NISSAN,QUEST,2002,309,28,281,143
NISSAN,QUEST,2004,309,28,283,530
NISSAN,QUEST,2005,309,28,284,743
NISSAN,QUEST,2006,309,28,285,952
NISSAN,QUEST,2007,309,28,286,1164
NISSAN,QUEST,2008,309,28,287,1380
NISSAN,QUEST,2009,309,28,288,1592
NISSAN,QUEST,2011,309,28,290,1989
NISSAN,QUEST,2012,309,28,291,2170
NISSAN,QUEST,2013,309,28,292,2345
NISSAN,ROGUE,2008,310,28,287,1381
NISSAN,ROGUE,2009,310,28,288,1593
NISSAN,ROGUE,2010,310,28,289,1805
NISSAN,ROGUE,2011,310,28,290,1990
NISSAN,ROGUE,2012,310,28,291,2171
NISSAN,ROGUE,2013,310,28,292,2346
NISSAN,SENTRA,2002,311,28,281,144
NISSAN,SENTRA,2003,311,28,282,328
NISSAN,SENTRA,2004,311,28,283,531
NISSAN,SENTRA,2005,311,28,284,744
NISSAN,SENTRA,2006,311,28,285,953
NISSAN,SENTRA,2007,311,28,286,1165
NISSAN,SENTRA,2008,311,28,287,1382
NISSAN,SENTRA,2010,311,28,289,1806
NISSAN,SENTRA,2011,311,28,290,1991
NISSAN,SENTRA,2013,311,28,292,2347
NISSAN,TITAN,2006,312,28,285,954
NISSAN,TITAN,2007,312,28,286,1166
NISSAN,TITAN,2008,312,28,287,1383
NISSAN,TITAN,2009,312,28,288,1594
NISSAN,TITAN,2010,312,28,289,1807
NISSAN,TITAN,2011,312,28,290,1992
NISSAN,TITAN,2012,312,28,291,2172
NISSAN,VERSA,2007,313,28,286,1167
NISSAN,VERSA,2008,313,28,287,1384
NISSAN,VERSA,2011,313,28,290,1993
NISSAN,VERSA,2012,313,28,291,2173
NISSAN,VERSA,2013,313,28,292,2348
NISSAN,XTERRA,2002,314,28,281,145
NISSAN,XTERRA,2003,314,28,282,329
NISSAN,XTERRA,2004,314,28,283,532
NISSAN,XTERRA,2005,314,28,284,745
NISSAN,XTERRA,2006,314,28,285,955
NISSAN,XTERRA,2007,314,28,286,1168
NISSAN,XTERRA,2009,314,28,288,1595
NISSAN,XTERRA,2010,314,28,289,1808
NISSAN,XTERRA,2011,314,28,290,1994
NISSAN,XTERRA,2012,314,28,291,2174
NISSAN,XTERRA,2013,314,28,292,2349
OLDSMOBILE,ALERO,2002,315,29,293,146
OLDSMOBILE,ALERO,2003,315,29,294,330
OLDSMOBILE,ALERO,2004,315,29,295,533
OLDSMOBILE,AURORA,2003,316,29,294,331
OLDSMOBILE,BRAVADA,2002,317,29,293,147
OLDSMOBILE,BRAVADA,2003,317,29,294,332
OLDSMOBILE,BRAVADA,2004,317,29,295,534
OLDSMOBILE,INTRIGUE,2002,318,29,293,148
OLDSMOBILE,SILHOUETTE,2002,319,29,293,149
OLDSMOBILE,SILHOUETTE,2003,319,29,294,333
OLDSMOBILE,SILHOUETTE,2004,319,29,295,535
PONTIAC,AZTEK,2002,320,30,296,150
PONTIAC,AZTEK,2003,320,30,297,334
PONTIAC,AZTEK,2004,320,30,298,536
PONTIAC,AZTEK,2005,320,30,299,746
PONTIAC,BONNEVILLE,2002,321,30,296,151
PONTIAC,BONNEVILLE,2003,321,30,297,335
PONTIAC,BONNEVILLE,2004,321,30,298,537
PONTIAC,BONNEVILLE,2005,321,30,299,747
PONTIAC,FIREBIRD,2002,322,30,296,152
PONTIAC,G5,2007,323,30,301,1169
PONTIAC,G5,2008,323,30,302,1385
PONTIAC,G5,2009,323,30,303,1596
PONTIAC,G6,2008,324,30,302,1386
PONTIAC,G6,2009,324,30,303,1597
PONTIAC,G8,2008,325,30,302,1387
PONTIAC,G8,2009,325,30,303,1598
PONTIAC,GRAND AM,2002,326,30,296,153
PONTIAC,GRAND AM,2003,326,30,297,336
PONTIAC,GRAND AM,2004,326,30,298,538
PONTIAC,GRAND AM,2005,326,30,299,748
PONTIAC,GRAND PRIX,2002,327,30,296,154
PONTIAC,GRAND PRIX,2003,327,30,297,337
PONTIAC,GRAND PRIX,2004,327,30,298,539
PONTIAC,GRAND PRIX,2005,327,30,299,749
PONTIAC,GRAND PRIX,2006,327,30,300,956
PONTIAC,GRAND PRIX,2007,327,30,301,1170
PONTIAC,GRAND PRIX,2008,327,30,302,1388
PONTIAC,GTO,2004,328,30,298,540
PONTIAC,GTO,2005,328,30,299,750
PONTIAC,GTO,2006,328,30,300,957
PONTIAC,MONTANA,2002,329,30,296,155
PONTIAC,MONTANA,2003,329,30,297,338
PONTIAC,MONTANA,2004,329,30,298,541
PONTIAC,MONTANA,2005,329,30,299,751
PONTIAC,MONTANA SV6,2006,330,30,300,958
PONTIAC,SOLSTICE,2006,331,30,300,959
PONTIAC,SOLSTICE,2007,331,30,301,1171
PONTIAC,SOLSTICE,2008,331,30,302,1389
PONTIAC,SOLSTICE,2009,331,30,303,1599
PONTIAC,SUNFIRE,2002,332,30,296,156
PONTIAC,SUNFIRE,2003,332,30,297,339
PONTIAC,SUNFIRE,2004,332,30,298,542
PONTIAC,SUNFIRE,2005,332,30,299,752
PONTIAC,TORRENT,2006,333,30,300,960
PONTIAC,TORRENT,2007,333,30,301,1172
PONTIAC,TORRENT,2008,333,30,302,1390
PONTIAC,TORRENT,2009,333,30,303,1600
PONTIAC,VIBE,2003,334,30,297,340
PONTIAC,VIBE,2004,334,30,298,543
PONTIAC,VIBE,2005,334,30,299,753
PONTIAC,VIBE,2006,334,30,300,961
PONTIAC,VIBE,2007,334,30,301,1173
PONTIAC,VIBE,2008,334,30,302,1391
PONTIAC,VIBE,2009,334,30,303,1601
PORSCHE,911,2002,335,31,304,157
PORSCHE,911,2003,335,31,305,341
PORSCHE,911,2004,335,31,306,544
PORSCHE,911,2005,335,31,307,754
PORSCHE,911,2006,335,31,308,962
PORSCHE,911,2007,335,31,309,1174
PORSCHE,911,2008,335,31,310,1392
PORSCHE,911,2010,335,31,311,1809
PORSCHE,911,2011,335,31,312,1995
PORSCHE,911,2012,335,31,313,2175
PORSCHE,BOXSTER,2002,336,31,304,158
PORSCHE,BOXSTER,2003,336,31,305,342
PORSCHE,BOXSTER,2004,336,31,306,545
PORSCHE,BOXSTER,2005,336,31,307,755
PORSCHE,BOXSTER,2006,336,31,308,963
PORSCHE,BOXSTER,2007,336,31,309,1175
PORSCHE,BOXSTER,2008,336,31,310,1393
PORSCHE,BOXSTER,2010,336,31,311,1810
PORSCHE,BOXSTER,2013,336,31,314,2350
PORSCHE,CARRERA GT,2005,337,31,307,756
PORSCHE,CAYENNE,2004,338,31,306,546
PORSCHE,CAYENNE,2005,338,31,307,757
PORSCHE,CAYENNE,2008,338,31,310,1394
PORSCHE,CAYENNE,2010,338,31,311,1811
PORSCHE,CAYENNE,2011,338,31,312,1996
PORSCHE,CAYENNE,2012,338,31,313,2176
PORSCHE,CAYENNE,2013,338,31,314,2351
PORSCHE,CAYMAN,2006,339,31,308,964
PORSCHE,CAYMAN,2007,339,31,309,1176
PORSCHE,CAYMAN,2008,339,31,310,1395
PORSCHE,CAYMAN,2010,339,31,311,1812
PORSCHE,CAYMAN,2011,339,31,312,1997
PORSCHE,PANAMERA,2010,340,31,311,1813
PORSCHE,PANAMERA,2011,340,31,312,1998
PORSCHE,PANAMERA,2012,340,31,313,2177
PORSCHE,PANAMERA,2013,340,31,314,2352
RAM,DAKOTA,2002,341,32,315,159
RAM,DAKOTA,2003,341,32,316,343
RAM,DAKOTA,2004,341,32,317,547
RAM,DAKOTA,2005,341,32,318,758
RAM,DAKOTA,2006,341,32,319,965
RAM,DAKOTA,2007,341,32,320,1177
RAM,DAKOTA,2008,341,32,321,1396
RAM,DAKOTA,2009,341,32,322,1602
RAM,DAKOTA,2010,341,32,323,1814
RAM,DAKOTA,2011,341,32,324,1999
RAM,RAM PICKUP,2002,342,32,315,160
RAM,RAM PICKUP,2003,342,32,316,344
RAM,RAM PICKUP,2004,342,32,317,548
RAM,RAM PICKUP,2005,342,32,318,759
RAM,RAM PICKUP,2006,342,32,319,966
RAM,RAM PICKUP,2007,342,32,320,1178
RAM,RAM PICKUP,2008,342,32,321,1397
RAM,RAM PICKUP,2009,342,32,322,1603
RAM,RAM PICKUP,2010,342,32,323,1815
RAM,RAM PICKUP,2011,342,32,324,2000
RAM,RAM WAGON,2002,343,32,315,161
SAAB,9-2X,2005,344,33,327,760
SAAB,9-2X,2006,344,33,328,967
SAAB,9-3,2002,345,33,325,162
SAAB,9-3,2004,345,33,326,549
SAAB,9-3,2005,345,33,327,761
SAAB,9-3,2006,345,33,328,968
SAAB,9-3,2007,345,33,329,1179
SAAB,9-3,2008,345,33,330,1398
SAAB,9-3,2009,345,33,331,1604
SAAB,9-5,2002,346,33,325,163
SAAB,9-5,2004,346,33,326,550
SAAB,9-5,2005,346,33,327,762
SAAB,9-5,2006,346,33,328,969
SAAB,9-5,2007,346,33,329,1180
SAAB,9-5,2008,346,33,330,1399
SAAB,9-7X,2006,347,33,328,970
SAAB,9-7X,2007,347,33,329,1181
SAAB,9-7X,2008,347,33,330,1400
SAAB,9-7X,2009,347,33,331,1605
SATURN,SKY,2007,348,34,332,1182
SATURN,SKY,2008,348,34,333,1401
SATURN,SKY,2009,348,34,334,1606
SATURN,VUE,2007,349,34,332,1183
SATURN,VUE,2008,349,34,333,1402
SATURN,VUE,2009,349,34,334,1607
SCION,FR-S,2013,350,35,342,2353
SCION,tC,2006,351,35,336,971
SCION,tC,2008,351,35,337,1403
SCION,tC,2009,351,35,338,1608
SCION,tC,2010,351,35,339,1816
SCION,tC,2011,351,35,340,2001
SCION,tC,2012,351,35,341,2178
SCION,tC,2013,351,35,342,2354
SCION,xA,2004,352,35,335,551
SCION,xA,2006,352,35,336,972
SCION,xB,2004,353,35,335,552
SCION,xB,2006,353,35,336,973
SCION,xB,2008,353,35,337,1404
SCION,xB,2009,353,35,338,1609
SCION,xB,2010,353,35,339,1817
SCION,xB,2011,353,35,340,2002
SCION,xB,2012,353,35,341,2179
SCION,xB,2013,353,35,342,2355
SUBARU,BAJA,2003,354,36,344,345
SUBARU,BAJA,2004,354,36,345,553
SUBARU,BAJA,2005,354,36,346,763
SUBARU,BAJA,2006,354,36,347,974
SUBARU,BRZ,2013,355,36,354,2356
SUBARU,FORESTER,2002,356,36,343,164
SUBARU,FORESTER,2003,356,36,344,346
SUBARU,FORESTER,2004,356,36,345,554
SUBARU,FORESTER,2005,356,36,346,764
SUBARU,FORESTER,2006,356,36,347,975
SUBARU,FORESTER,2007,356,36,348,1184
SUBARU,FORESTER,2009,356,36,350,1610
SUBARU,FORESTER,2010,356,36,351,1818
SUBARU,FORESTER,2011,356,36,352,2003
SUBARU,FORESTER,2012,356,36,353,2180
SUBARU,FORESTER,2013,356,36,354,2357
SUBARU,IMPREZA,2002,357,36,343,165
SUBARU,IMPREZA,2003,357,36,344,347
SUBARU,IMPREZA,2004,357,36,345,555
SUBARU,IMPREZA,2005,357,36,346,765
SUBARU,IMPREZA,2007,357,36,348,1185
SUBARU,IMPREZA,2008,357,36,349,1405
SUBARU,IMPREZA,2009,357,36,350,1611
SUBARU,IMPREZA,2010,357,36,351,1819
SUBARU,IMPREZA,2011,357,36,352,2004
SUBARU,IMPREZA,2012,357,36,353,2181
SUBARU,LEGACY,2002,358,36,343,166
SUBARU,LEGACY,2003,358,36,344,348
SUBARU,LEGACY,2004,358,36,345,556
SUBARU,LEGACY,2005,358,36,346,766
SUBARU,LEGACY,2006,358,36,347,976
SUBARU,LEGACY,2007,358,36,348,1186
SUBARU,LEGACY,2008,358,36,349,1406
SUBARU,LEGACY,2009,358,36,350,1612
SUBARU,LEGACY,2010,358,36,351,1820
SUBARU,LEGACY,2011,358,36,352,2005
SUBARU,LEGACY,2012,358,36,353,2182
SUBARU,LEGACY,2013,358,36,354,2358
SUBARU,OUTBACK,2002,359,36,343,167
SUBARU,OUTBACK,2003,359,36,344,349
SUBARU,OUTBACK,2004,359,36,345,557
SUBARU,OUTBACK,2005,359,36,346,767
SUBARU,OUTBACK,2006,359,36,347,977
SUBARU,OUTBACK,2007,359,36,348,1187
SUBARU,OUTBACK,2008,359,36,349,1407
SUBARU,OUTBACK,2009,359,36,350,1613
SUBARU,OUTBACK,2010,359,36,351,1821
SUBARU,OUTBACK,2012,359,36,353,2183
SUBARU,OUTBACK,2013,359,36,354,2359
SUBARU,TRIBECA,2006,360,36,347,978
SUBARU,TRIBECA,2008,360,36,349,1408
SUBARU,TRIBECA,2009,360,36,350,1614
SUBARU,TRIBECA,2010,360,36,351,1822
SUBARU,TRIBECA,2011,360,36,352,2006
SUBARU,TRIBECA,2012,360,36,353,2184
SUBARU,WRX,2011,361,36,352,2007
SUBARU,WRX,2012,361,36,353,2185
SUBARU,WRX,2013,361,36,354,2360
SUBARU,XV CROSSTREK,2013,362,36,354,2361
SUZUKI,AERIO,2003,363,37,356,350
SUZUKI,AERIO,2004,363,37,357,558
SUZUKI,AERIO,2005,363,37,358,768
SUZUKI,AERIO,2006,363,37,359,979
SUZUKI,AERIO,2007,363,37,360,1188
SUZUKI,EQUATOR,2009,364,37,362,1615
SUZUKI,EQUATOR,2010,364,37,363,1823
SUZUKI,EQUATOR,2011,364,37,364,2008
SUZUKI,EQUATOR,2012,364,37,365,2186
SUZUKI,ESTEEM,2002,365,37,355,168
SUZUKI,FORENZA,2004,366,37,357,559
SUZUKI,FORENZA,2006,366,37,359,980
SUZUKI,FORENZA,2007,366,37,360,1189
SUZUKI,FORENZA,2008,366,37,361,1409
SUZUKI,KIZASHI,2010,367,37,363,1824
SUZUKI,SX4,2007,368,37,360,1190
SUZUKI,SX4,2008,368,37,361,1410
SUZUKI,SX4,2009,368,37,362,1616
SUZUKI,SX4,2010,368,37,363,1825
SUZUKI,SX4,2011,368,37,364,2009
SUZUKI,SX4,2012,368,37,365,2187
SUZUKI,VERONA,2004,369,37,357,560
SUZUKI,VERONA,2005,369,37,358,769
SUZUKI,VERONA,2006,369,37,359,981
SUZUKI,VITARA,2002,370,37,355,169
SUZUKI,VITARA,2003,370,37,356,351
SUZUKI,VITARA,2004,370,37,357,561
SUZUKI,VITARA,2005,370,37,358,770
SUZUKI,VITARA,2006,370,37,359,982
SUZUKI,VITARA,2007,370,37,360,1191
SUZUKI,VITARA,2008,370,37,361,1411
SUZUKI,VITARA,2009,370,37,362,1617
SUZUKI,VITARA,2010,370,37,363,1826
SUZUKI,VITARA,2011,370,37,364,2010
SUZUKI,VITARA,2012,370,37,365,2188
SUZUKI,XL-7,2002,371,37,355,170
SUZUKI,XL-7,2003,371,37,356,352
SUZUKI,XL-7,2004,371,37,357,562
SUZUKI,XL-7,2005,371,37,358,771
SUZUKI,XL-7,2006,371,37,359,983
SUZUKI,XL-7,2007,371,37,360,1192
SUZUKI,XL-7,2008,371,37,361,1412
SUZUKI,XL-7,2009,371,37,362,1618
TOYOTA,4RUNNER PASS,2002,372,38,366,171
TOYOTA,4RUNNER PASS,2003,372,38,367,353
TOYOTA,4RUNNER PASS,2004,372,38,368,563
TOYOTA,4RUNNER PASS,2005,372,38,369,772
TOYOTA,4RUNNER PASS,2006,372,38,370,984
TOYOTA,4RUNNER PASS,2007,372,38,371,1193
TOYOTA,4RUNNER PASS,2008,372,38,372,1413
TOYOTA,4RUNNER PASS,2009,372,38,373,1619
TOYOTA,4RUNNER PASS,2010,372,38,374,1827
TOYOTA,4RUNNER PASS,2011,372,38,375,2011
TOYOTA,4RUNNER PASS,2012,372,38,376,2189
TOYOTA,4RUNNER PASS,2013,372,38,377,2362
TOYOTA,AVALON,2003,373,38,367,354
TOYOTA,AVALON,2004,373,38,368,564
TOYOTA,AVALON,2005,373,38,369,773
TOYOTA,AVALON,2006,373,38,370,985
TOYOTA,AVALON,2007,373,38,371,1194
TOYOTA,AVALON,2008,373,38,372,1414
TOYOTA,AVALON,2009,373,38,373,1620
TOYOTA,AVALON,2010,373,38,374,1828
TOYOTA,AVALON,2011,373,38,375,2012
TOYOTA,AVALON,2012,373,38,376,2190
TOYOTA,AVALON,2013,373,38,377,2363
TOYOTA,CAMRY,2002,374,38,366,172
TOYOTA,CAMRY,2003,374,38,367,355
TOYOTA,CAMRY,2004,374,38,368,565
TOYOTA,CAMRY,2005,374,38,369,774
TOYOTA,CAMRY,2006,374,38,370,986
TOYOTA,CAMRY,2007,374,38,371,1195
TOYOTA,CAMRY,2008,374,38,372,1415
TOYOTA,CAMRY,2009,374,38,373,1621
TOYOTA,CAMRY,2010,374,38,374,1829
TOYOTA,CAMRY,2011,374,38,375,2013
TOYOTA,CAMRY,2012,374,38,376,2191
TOYOTA,CAMRY,2013,374,38,377,2364
TOYOTA,CELICA,2002,375,38,366,173
TOYOTA,CELICA,2004,375,38,368,566
TOYOTA,CELICA,2005,375,38,369,775
TOYOTA,COROLLA,2002,376,38,366,174
TOYOTA,COROLLA,2003,376,38,367,356
TOYOTA,COROLLA,2004,376,38,368,567
TOYOTA,COROLLA,2005,376,38,369,776
TOYOTA,COROLLA,2006,376,38,370,987
TOYOTA,COROLLA,2007,376,38,371,1196
TOYOTA,COROLLA,2008,376,38,372,1416
TOYOTA,COROLLA,2011,376,38,375,2014
TOYOTA,COROLLA,2012,376,38,376,2192
TOYOTA,COROLLA,2013,376,38,377,2365
TOYOTA,ECHO,2003,377,38,367,357
TOYOTA,ECHO,2004,377,38,368,568
TOYOTA,ECHO,2005,377,38,369,777
TOYOTA,FJ CRUISER,2007,378,38,371,1197
TOYOTA,FJ CRUISER,2008,378,38,372,1417
TOYOTA,FJ CRUISER,2009,378,38,373,1622
TOYOTA,FJ CRUISER,2010,378,38,374,1830
TOYOTA,FJ CRUISER,2011,378,38,375,2015
TOYOTA,FJ CRUISER,2012,378,38,376,2193
TOYOTA,FJ CRUISER,2013,378,38,377,2366
TOYOTA,HIGHLANDER,2002,379,38,366,175
TOYOTA,HIGHLANDER,2003,379,38,367,358
TOYOTA,HIGHLANDER,2004,379,38,368,569
TOYOTA,HIGHLANDER,2005,379,38,369,778
TOYOTA,HIGHLANDER,2006,379,38,370,988
TOYOTA,HIGHLANDER,2007,379,38,371,1198
TOYOTA,HIGHLANDER,2008,379,38,372,1418
TOYOTA,HIGHLANDER,2009,379,38,373,1623
TOYOTA,HIGHLANDER,2010,379,38,374,1831
TOYOTA,HIGHLANDER,2011,379,38,375,2016
TOYOTA,HIGHLANDER,2012,379,38,376,2194
TOYOTA,HIGHLANDER,2013,379,38,377,2367
TOYOTA,LAND CRUISER,2002,380,38,366,176
TOYOTA,LAND CRUISER,2003,380,38,367,359
TOYOTA,LAND CRUISER,2004,380,38,368,570
TOYOTA,LAND CRUISER,2005,380,38,369,779
TOYOTA,LAND CRUISER,2006,380,38,370,989
TOYOTA,LAND CRUISER,2007,380,38,371,1199
TOYOTA,LAND CRUISER,2008,380,38,372,1419
TOYOTA,LAND CRUISER,2009,380,38,373,1624
TOYOTA,LAND CRUISER,2010,380,38,374,1832
TOYOTA,LAND CRUISER,2011,380,38,375,2017
TOYOTA,LAND CRUISER,2013,380,38,377,2368
TOYOTA,MATRIX,2004,381,38,368,571
TOYOTA,MATRIX,2005,381,38,369,780
TOYOTA,MATRIX,2006,381,38,370,990
TOYOTA,MATRIX,2007,381,38,371,1200
TOYOTA,MATRIX,2008,381,38,372,1420
TOYOTA,MATRIX,2009,381,38,373,1625
TOYOTA,MATRIX,2010,381,38,374,1833
TOYOTA,MATRIX,2011,381,38,375,2018
TOYOTA,MATRIX,2012,381,38,376,2195
TOYOTA,MATRIX,2013,381,38,377,2369
TOYOTA,MR2 SPYDER,2002,382,38,366,177
TOYOTA,MR2 SPYDER,2003,382,38,367,360
TOYOTA,MR2 SPYDER,2004,382,38,368,572
TOYOTA,MR2 SPYDER,2005,382,38,369,781
TOYOTA,PRIUS,2002,383,38,366,178
TOYOTA,PRIUS,2003,383,38,367,361
TOYOTA,PRIUS,2004,383,38,368,573
TOYOTA,PRIUS,2007,383,38,371,1201
TOYOTA,PRIUS,2008,383,38,372,1421
TOYOTA,PRIUS,2009,383,38,373,1626
TOYOTA,PRIUS,2010,383,38,374,1834
TOYOTA,PRIUS,2011,383,38,375,2019
TOYOTA,PRIUS,2012,383,38,376,2196
TOYOTA,PRIUS,2013,383,38,377,2370
TOYOTA,PRIUS C,2013,384,38,377,2371
TOYOTA,RAV4,2003,385,38,367,362
TOYOTA,RAV4,2004,385,38,368,574
TOYOTA,RAV4,2005,385,38,369,782
TOYOTA,RAV4,2006,385,38,370,991
TOYOTA,RAV4,2007,385,38,371,1202
TOYOTA,RAV4,2009,385,38,373,1627
TOYOTA,RAV4,2011,385,38,375,2020
TOYOTA,RAV4,2012,385,38,376,2197
TOYOTA,RAV4,2013,385,38,377,2372
TOYOTA,SEQUOIA,2002,386,38,366,179
TOYOTA,SEQUOIA,2003,386,38,367,363
TOYOTA,SEQUOIA,2004,386,38,368,575
TOYOTA,SEQUOIA,2005,386,38,369,783
TOYOTA,SEQUOIA,2006,386,38,370,992
TOYOTA,SEQUOIA,2007,386,38,371,1203
TOYOTA,SEQUOIA,2008,386,38,372,1422
TOYOTA,SEQUOIA,2010,386,38,374,1835
TOYOTA,SEQUOIA,2011,386,38,375,2021
TOYOTA,SEQUOIA,2013,386,38,377,2373
TOYOTA,SIENNA,2002,387,38,366,180
TOYOTA,SIENNA,2003,387,38,367,364
TOYOTA,SIENNA,2004,387,38,368,576
TOYOTA,SIENNA,2005,387,38,369,784
TOYOTA,SIENNA,2006,387,38,370,993
TOYOTA,SIENNA,2007,387,38,371,1204
TOYOTA,SIENNA,2008,387,38,372,1423
TOYOTA,SIENNA,2009,387,38,373,1628
TOYOTA,SIENNA,2010,387,38,374,1836
TOYOTA,SIENNA,2011,387,38,375,2022
TOYOTA,SIENNA,2012,387,38,376,2198
TOYOTA,SIENNA,2013,387,38,377,2374
TOYOTA,TACOMA,2002,388,38,366,181
TOYOTA,TACOMA,2003,388,38,367,365
TOYOTA,TACOMA,2005,388,38,369,785
TOYOTA,TACOMA,2006,388,38,370,994
TOYOTA,TACOMA,2007,388,38,371,1205
TOYOTA,TACOMA,2008,388,38,372,1424
TOYOTA,TACOMA,2009,388,38,373,1629
TOYOTA,TACOMA,2010,388,38,374,1837
TOYOTA,TACOMA,2011,388,38,375,2023
TOYOTA,TACOMA,2012,388,38,376,2199
TOYOTA,TACOMA,2013,388,38,377,2375
TOYOTA,TUNDRA,2002,389,38,366,182
TOYOTA,TUNDRA,2003,389,38,367,366
TOYOTA,TUNDRA,2004,389,38,368,577
TOYOTA,TUNDRA,2005,389,38,369,786
TOYOTA,TUNDRA,2006,389,38,370,995
TOYOTA,TUNDRA,2007,389,38,371,1206
TOYOTA,TUNDRA,2008,389,38,372,1425
TOYOTA,TUNDRA,2009,389,38,373,1630
TOYOTA,TUNDRA,2010,389,38,374,1838
TOYOTA,TUNDRA,2011,389,38,375,2024
TOYOTA,TUNDRA,2012,389,38,376,2200
TOYOTA,TUNDRA,2013,389,38,377,2376
TOYOTA,VENZA,2009,390,38,373,1631
TOYOTA,VENZA,2010,390,38,374,1839
TOYOTA,VENZA,2011,390,38,375,2025
TOYOTA,VENZA,2012,390,38,376,2201
TOYOTA,VENZA,2013,390,38,377,2377
TOYOTA,YARIS,2009,391,38,373,1632
TOYOTA,YARIS,2010,391,38,374,1840
TOYOTA,YARIS,2011,391,38,375,2026
TOYOTA,YARIS,2012,391,38,376,2202
TOYOTA,YARIS,2013,391,38,377,2378
VOLKSWAGEN,BEETLE II,2002,392,39,378,183
VOLKSWAGEN,BEETLE II,2003,392,39,379,367
VOLKSWAGEN,BEETLE II,2004,392,39,380,578
VOLKSWAGEN,BEETLE II,2005,392,39,381,787
VOLKSWAGEN,BEETLE II,2006,392,39,382,996
VOLKSWAGEN,BEETLE II,2007,392,39,383,1207
VOLKSWAGEN,BEETLE II,2008,392,39,384,1426
VOLKSWAGEN,BEETLE II,2009,392,39,385,1633
VOLKSWAGEN,BEETLE II,2010,392,39,386,1841
VOLKSWAGEN,BEETLE II,2012,392,39,388,2203
VOLKSWAGEN,BEETLE II,2013,392,39,389,2379
VOLKSWAGEN,CABRIOLET,2002,393,39,378,184
VOLKSWAGEN,CC,2009,394,39,385,1634
VOLKSWAGEN,CC,2010,394,39,386,1842
VOLKSWAGEN,CC,2011,394,39,387,2027
VOLKSWAGEN,CC,2012,394,39,388,2204
VOLKSWAGEN,CC,2013,394,39,389,2380
VOLKSWAGEN,EOS,2007,395,39,383,1208
VOLKSWAGEN,EOS,2008,395,39,384,1427
VOLKSWAGEN,EOS,2009,395,39,385,1635
VOLKSWAGEN,EOS,2010,395,39,386,1843
VOLKSWAGEN,EOS,2012,395,39,388,2205
VOLKSWAGEN,EUROVAN,2002,396,39,378,185
VOLKSWAGEN,EUROVAN,2003,396,39,379,368
VOLKSWAGEN,GOLF,2002,397,39,378,186
VOLKSWAGEN,GOLF,2003,397,39,379,369
VOLKSWAGEN,GOLF,2004,397,39,380,579
VOLKSWAGEN,GOLF,2005,397,39,381,788
VOLKSWAGEN,GOLF,2006,397,39,382,997
VOLKSWAGEN,GOLF,2010,397,39,386,1844
VOLKSWAGEN,GOLF,2011,397,39,387,2028
VOLKSWAGEN,GOLF,2012,397,39,388,2206
VOLKSWAGEN,GOLF,2013,397,39,389,2381
VOLKSWAGEN,GTI,2006,398,39,382,998
VOLKSWAGEN,GTI,2007,398,39,383,1209
VOLKSWAGEN,GTI,2008,398,39,384,1428
VOLKSWAGEN,GTI,2009,398,39,385,1636
VOLKSWAGEN,GTI,2011,398,39,387,2029
VOLKSWAGEN,GTI,2012,398,39,388,2207
VOLKSWAGEN,GTI,2013,398,39,389,2382
VOLKSWAGEN,JETTA,2002,399,39,378,187
VOLKSWAGEN,JETTA,2003,399,39,379,370
VOLKSWAGEN,JETTA,2005,399,39,381,789
VOLKSWAGEN,JETTA,2007,399,39,383,1210
VOLKSWAGEN,JETTA,2008,399,39,384,1429
VOLKSWAGEN,JETTA,2009,399,39,385,1637
VOLKSWAGEN,JETTA,2010,399,39,386,1845
VOLKSWAGEN,JETTA,2011,399,39,387,2030
VOLKSWAGEN,JETTA,2012,399,39,388,2208
VOLKSWAGEN,JETTA,2013,399,39,389,2383
VOLKSWAGEN,PASSAT,2002,400,39,378,188
VOLKSWAGEN,PASSAT,2003,400,39,379,371
VOLKSWAGEN,PASSAT,2004,400,39,380,580
VOLKSWAGEN,PASSAT,2005,400,39,381,790
VOLKSWAGEN,PASSAT,2007,400,39,383,1211
VOLKSWAGEN,PASSAT,2008,400,39,384,1430
VOLKSWAGEN,PASSAT,2009,400,39,385,1638
VOLKSWAGEN,PASSAT,2010,400,39,386,1846
VOLKSWAGEN,PASSAT,2012,400,39,388,2209
VOLKSWAGEN,PASSAT,2013,400,39,389,2384
VOLKSWAGEN,PHAETON,2004,401,39,380,581
VOLKSWAGEN,PHAETON,2005,401,39,381,791
VOLKSWAGEN,PHAETON,2006,401,39,382,999
VOLKSWAGEN,R32,2008,402,39,384,1431
VOLKSWAGEN,RABBIT,2007,403,39,383,1212
VOLKSWAGEN,RABBIT,2008,403,39,384,1432
VOLKSWAGEN,RABBIT,2009,403,39,385,1639
VOLKSWAGEN,ROUTAN,2009,404,39,385,1640
VOLKSWAGEN,ROUTAN,2010,404,39,386,1847
VOLKSWAGEN,ROUTAN,2011,404,39,387,2031
VOLKSWAGEN,ROUTAN,2012,404,39,388,2210
VOLKSWAGEN,TIGUAN,2009,405,39,385,1641
VOLKSWAGEN,TIGUAN,2010,405,39,386,1848
VOLKSWAGEN,TIGUAN,2011,405,39,387,2032
VOLKSWAGEN,TIGUAN,2012,405,39,388,2211
VOLKSWAGEN,TIGUAN,2013,405,39,389,2385
VOLKSWAGEN,TOUAREG,2004,406,39,380,582
VOLKSWAGEN,TOUAREG,2005,406,39,381,792
VOLKSWAGEN,TOUAREG,2006,406,39,382,1000
VOLKSWAGEN,TOUAREG,2007,406,39,383,1213
VOLKSWAGEN,TOUAREG,2008,406,39,384,1433
VOLKSWAGEN,TOUAREG,2009,406,39,385,1642
VOLKSWAGEN,TOUAREG,2010,406,39,386,1849
VOLKSWAGEN,TOUAREG,2011,406,39,387,2033
VOLKSWAGEN,TOUAREG,2012,406,39,388,2212
VOLKSWAGEN,TOUAREG,2013,406,39,389,2386
VOLVO,30,2008,407,40,396,1434
VOLVO,30,2009,407,40,397,1643
VOLVO,30,2010,407,40,398,1850
VOLVO,30,2012,407,40,400,2213
VOLVO,30,2013,407,40,401,2387
VOLVO,40,2002,408,40,390,189
VOLVO,40,2003,408,40,391,372
VOLVO,40,2004,408,40,392,583
VOLVO,40,2006,408,40,394,1001
VOLVO,40,2007,408,40,395,1214
VOLVO,40,2008,408,40,396,1435
VOLVO,40,2009,408,40,397,1644
VOLVO,40,2010,408,40,398,1851
VOLVO,50,2005,409,40,393,793
VOLVO,50,2006,409,40,394,1002
VOLVO,50,2007,409,40,395,1215
VOLVO,50,2008,409,40,396,1436
VOLVO,50,2009,409,40,397,1645
VOLVO,50,2011,409,40,399,2034
VOLVO,60,2002,410,40,390,190
VOLVO,60,2003,410,40,391,373
VOLVO,60,2004,410,40,392,584
VOLVO,60,2005,410,40,393,794
VOLVO,60,2006,410,40,394,1003
VOLVO,60,2007,410,40,395,1216
VOLVO,60,2008,410,40,396,1437
VOLVO,60,2009,410,40,397,1646
VOLVO,60,2011,410,40,399,2035
VOLVO,60,2012,410,40,400,2214
VOLVO,60,2013,410,40,401,2388
VOLVO,70 C,2002,411,40,390,191
VOLVO,70 C,2003,411,40,391,374
VOLVO,70 C,2004,411,40,392,585
VOLVO,70 C,2006,411,40,394,1004
VOLVO,70 C,2007,411,40,395,1217
VOLVO,70 C,2008,411,40,396,1438
VOLVO,70 C,2009,411,40,397,1647
VOLVO,70 C,2011,411,40,399,2036
VOLVO,70 V,2002,412,40,390,192
VOLVO,70 V,2003,412,40,391,375
VOLVO,70 V,2004,412,40,392,586
VOLVO,70 V,2005,412,40,393,795
VOLVO,70 V,2006,412,40,394,1005
VOLVO,70 V,2007,412,40,395,1218
VOLVO,70 V,2008,412,40,396,1439
VOLVO,70 V,2009,412,40,397,1648
VOLVO,70 V,2010,412,40,398,1852
VOLVO,80,2002,413,40,390,193
VOLVO,80,2003,413,40,391,376
VOLVO,80,2004,413,40,392,587
VOLVO,80,2005,413,40,393,796
VOLVO,80,2006,413,40,394,1006
VOLVO,80,2007,413,40,395,1219
VOLVO,80,2008,413,40,396,1440
VOLVO,80,2009,413,40,397,1649
VOLVO,80,2010,413,40,398,1853
VOLVO,80,2011,413,40,399,2037
VOLVO,80,2012,413,40,400,2215
VOLVO,XC60,2010,414,40,398,1854
VOLVO,XC60,2011,414,40,399,2038
VOLVO,XC60,2012,414,40,400,2216
VOLVO,XC60,2013,414,40,401,2389
VOLVO,XC70,2003,415,40,391,377
VOLVO,XC70,2004,415,40,392,588
VOLVO,XC70,2005,415,40,393,797
VOLVO,XC70,2006,415,40,394,1007
VOLVO,XC70,2007,415,40,395,1220
VOLVO,XC70,2008,415,40,396,1441
VOLVO,XC70,2009,415,40,397,1650
VOLVO,XC70,2010,415,40,398,1855
VOLVO,XC70,2011,415,40,399,2039
VOLVO,XC70,2012,415,40,400,2217
VOLVO,XC70,2013,415,40,401,2390
VOLVO,XC90,2003,416,40,391,378
VOLVO,XC90,2004,416,40,392,589
VOLVO,XC90,2005,416,40,393,798
VOLVO,XC90,2006,416,40,394,1008
VOLVO,XC90,2007,416,40,395,1221
VOLVO,XC90,2008,416,40,396,1442
VOLVO,XC90,2009,416,40,397,1651
VOLVO,XC90,2010,416,40,398,1856
VOLVO,XC90,2011,416,40,399,2040
VOLVO,XC90,2012,416,40,400,2218
VOLVO,XC90,2013,416,40,401,2391
